lastMaintainedDate,toBeMaintainedDate,isMaintained,maintenanceNumber
2021-11-17,2021-12-30,True,1
2021-10-06,2021-12-16,True,2
2021-11-10,2021-12-15,True,3
2021-10-04,2021-11-29,False,4
2021-11-20,2021-11-25,False,5
2021-10-23,2021-12-30,False,6
2021-10-01,2021-12-22,False,7
2021-11-20,2021-12-31,True,8
2021-11-09,2021-12-08,False,9
2021-11-14,2021-12-03,False,10
2021-10-01,2021-11-27,False,11
2021-10-12,2021-12-25,True,12
2021-10-06,2021-12-23,False,13
2021-11-14,2021-12-21,False,14
2021-10-10,2021-11-30,True,15
2021-10-03,2021-12-25,False,16
2021-10-25,2021-12-15,False,17
2021-10-29,2021-12-19,True,18
2021-10-12,2021-11-30,True,19
2021-11-17,2021-12-12,True,20
2021-11-02,2021-12-06,False,21
2021-11-10,2021-12-27,True,22
2021-10-28,2021-11-28,True,23
2021-10-13,2021-12-13,True,24
2021-10-12,2021-11-27,True,25
2021-10-19,2021-12-31,False,26
2021-11-19,2021-12-20,False,27
2021-10-06,2021-12-18,False,28
2021-10-07,2021-12-13,False,29
2021-10-26,2021-12-22,True,30
2021-10-22,2021-11-26,False,31
2021-10-29,2021-12-04,False,32
2021-11-17,2021-12-01,True,33
2021-10-30,2021-12-14,True,34
2021-11-11,2021-11-29,True,35
2021-10-13,2021-12-06,True,36
2021-11-23,2021-12-19,False,37
2021-11-05,2021-12-20,False,38
2021-11-09,2021-11-30,True,39
2021-11-04,2021-12-11,False,40
2021-11-04,2021-12-28,True,41
2021-10-12,2021-12-06,False,42
2021-10-17,2021-11-29,False,43
2021-11-18,2021-12-01,True,44
2021-10-31,2021-12-13,True,45
2021-10-07,2021-11-25,True,46
2021-11-10,2021-12-30,False,47
2021-11-11,2021-12-23,True,48
2021-10-10,2021-12-24,False,49
2021-10-23,2021-12-02,False,50
2021-11-08,2021-12-04,False,51
2021-10-10,2021-12-11,True,52
2021-11-16,2021-11-30,False,53
2021-10-05,2021-12-09,True,54
2021-11-18,2021-11-25,False,55
2021-10-26,2021-11-29,False,56
2021-10-05,2021-12-15,False,57
2021-10-15,2021-12-02,True,58
2021-11-17,2021-12-20,False,59
2021-11-02,2021-12-16,True,60
2021-10-25,2021-12-26,True,61
2021-10-01,2021-12-15,False,62
2021-11-06,2021-12-05,False,63
2021-11-18,2021-12-08,False,64
2021-11-15,2021-12-30,True,65
2021-10-30,2021-12-17,False,66
2021-10-19,2021-12-16,True,67
2021-10-23,2021-12-24,False,68
2021-10-27,2021-12-29,False,69
2021-10-17,2021-12-27,False,70
2021-10-21,2021-11-28,False,71
2021-11-12,2021-12-23,False,72
2021-11-15,2021-12-30,False,73
2021-10-16,2021-12-27,False,74
2021-11-14,2021-12-08,False,75
2021-10-14,2021-12-03,False,76
2021-11-03,2021-11-28,False,77
2021-11-04,2021-12-24,False,78
2021-11-14,2021-12-06,True,79
2021-11-10,2021-12-10,False,80
2021-11-23,2021-11-28,False,81
2021-10-13,2021-11-30,True,82
2021-10-12,2021-12-19,False,83
2021-11-08,2021-12-05,True,84
2021-10-27,2021-12-29,True,85
2021-11-13,2021-12-18,True,86
2021-10-19,2021-12-19,True,87
2021-10-06,2021-11-26,False,88
2021-11-12,2021-12-12,False,89
2021-10-31,2021-12-03,True,90
2021-11-22,2021-12-09,True,91
2021-11-22,2021-12-22,True,92
2021-10-03,2021-12-09,True,93
2021-11-13,2021-12-29,False,94
2021-10-07,2021-12-18,False,95
2021-10-16,2021-12-12,False,96
2021-11-02,2021-11-26,True,97
2021-11-21,2021-12-08,False,98
2021-11-10,2021-12-01,False,99
2021-10-07,2021-12-30,False,100
