attractionName,startTime,endTime,date
Backlot Stunt Coaster,08:00:00:00:00,16:00:00,2020-04-03
Psyclone,10:00:00,18:00:00,2020-06-22
Blast Off!,12:00:00,20:00:00,2020-11-11
Leviathan,12:00:00,20:00:00,2020-08-05
Mighty Canadian Minebuster,08:00:00:00:00,16:00:00,2021-08-18
Mighty Canadian Minebuster,08:00:00:00:00,16:00:00,2021-03-17
Dragon Fyre,10:00:00,18:00:00,2021-06-05
Ghoster Coaster,12:00:00,20:00:00,2021-03-31
Sledge Hammer,10:00:00,18:00:00,2020-02-06
The Fly,08:00:00:00:00,16:00:00,2021-01-07
Flight Deck,10:00:00,18:00:00,2021-01-24
Ghoster Coaster,12:00:00,20:00:00,2020-06-17
Behemoth,08:00:00:00:00,16:00:00,2020-08-29
Dragon Fyre,08:00:00:00:00,16:00:00,2020-06-29
Ghoster Coaster,08:00:00:00:00,16:00:00,2020-05-19
Ghoster Coaster,12:00:00,20:00:00,2021-01-03
The Bat,12:00:00,20:00:00,2021-07-27
Psyclone,10:00:00,18:00:00,2021-02-28
Shockwave,12:00:00,20:00:00,2021-01-07
Dragon Fyre,12:00:00,20:00:00,2020-12-28
Shockwave,10:00:00,18:00:00,2020-06-14
Mighty Canadian Minebuster,10:00:00,18:00:00,2021-04-17
The Fly,12:00:00,20:00:00,2020-09-12
Ghoster Coaster,10:00:00,18:00:00,2021-05-25
Mighty Canadian Minebuster,12:00:00,20:00:00,2020-12-28
Dragon Fyre,10:00:00,18:00:00,2021-04-17
Psyclone,12:00:00,20:00:00,2021-07-24
Mighty Canadian Minebuster,10:00:00,18:00:00,2021-05-13
Sledge Hammer,08:00:00:00:00,16:00:00,2020-11-28
Yukon Striker,12:00:00,20:00:00,2020-06-19
Shockwave,12:00:00,20:00:00,2020-10-01
Blast Off!,10:00:00,18:00:00,2020-11-12
Ghoster Coaster,12:00:00,20:00:00,2021-05-31
Mighty Canadian Minebuster,12:00:00,20:00:00,2021-06-03
Flight Deck,12:00:00,20:00:00,2021-08-25
The Fly,10:00:00,18:00:00,2020-07-31
Yukon Striker,12:00:00,20:00:00,2021-01-10
Yukon Striker,12:00:00,20:00:00,2021-09-30
Psyclone,08:00:00:00:00,16:00:00,2020-12-15
Psyclone,08:00:00:00:00,16:00:00,2020-07-14
Leviathan,08:00:00:00:00,16:00:00,2020-03-01
Blast Off!,12:00:00,20:00:00,2020-02-20
Mighty Canadian Minebuster,12:00:00,20:00:00,2020-08-20
The Bat,08:00:00:00:00,16:00:00,2021-06-18
Sledge Hammer,10:00:00,18:00:00,2020-09-07
Flight Deck,08:00:00:00:00,16:00:00,2020-03-02
Antique Carousel,12:00:00,20:00:00,2020-02-02
The Bat,10:00:00,18:00:00,2021-01-03
Antique Carousel,08:00:00:00:00,16:00:00,2021-11-19
Backlot Stunt Coaster,08:00:00:00:00,16:00:00,2020-04-27
Psyclone,08:00:00:00:00,16:00:00,2020-02-11
Blast Off!,08:00:00:00:00,16:00:00,2021-01-17
Psyclone,08:00:00:00:00,16:00:00,2020-06-09
Psyclone,08:00:00:00:00,16:00:00,2021-06-19
Leviathan,08:00:00:00:00,16:00:00,2021-01-29
The Bat,08:00:00:00:00,16:00:00,2020-09-10
Dragon Fyre,08:00:00:00:00,16:00:00,2020-01-05
Psyclone,12:00:00,20:00:00,2021-10-04
Blast Off!,12:00:00,20:00:00,2020-04-25
Antique Carousel,10:00:00,18:00:00,2021-05-15
Ghoster Coaster,10:00:00,18:00:00,2021-04-04
Yukon Striker,12:00:00,20:00:00,2020-02-16
Sledge Hammer,10:00:00,18:00:00,2021-02-15
The Bat,12:00:00,20:00:00,2021-12-23
Backlot Stunt Coaster,10:00:00,18:00:00,2020-08-18
Dragon Fyre,12:00:00,20:00:00,2021-12-04
The Fly,08:00:00:00:00,16:00:00,2020-01-25
Leviathan,08:00:00:00:00,16:00:00,2021-06-14
Ghoster Coaster,10:00:00,18:00:00,2021-05-13
Sledge Hammer,10:00:00,18:00:00,2020-05-27
Blast Off!,10:00:00,18:00:00,2020-09-22
Mighty Canadian Minebuster,12:00:00,20:00:00,2021-03-05
Ghoster Coaster,08:00:00:00:00,16:00:00,2021-12-17
Antique Carousel,08:00:00:00:00,16:00:00,2021-11-17
The Bat,10:00:00,18:00:00,2020-02-04
Backlot Stunt Coaster,08:00:00:00:00,16:00:00,2020-06-23
Behemoth,10:00:00,18:00:00,2021-10-12
Yukon Striker,12:00:00,20:00:00,2021-12-26
Behemoth,08:00:00:00:00,16:00:00,2020-09-09
Backlot Stunt Coaster,12:00:00,20:00:00,2021-03-31
Leviathan,10:00:00,18:00:00,2020-03-23
Shockwave,08:00:00:00:00,16:00:00,2021-10-01
Dragon Fyre,12:00:00,20:00:00,2021-12-27
Flight Deck,10:00:00,18:00:00,2021-12-01
Shockwave,10:00:00,18:00:00,2021-06-22
Antique Carousel,08:00:00:00:00,16:00:00,2020-06-03
The Bat,10:00:00,18:00:00,2021-02-22
Psyclone,08:00:00:00:00,16:00:00,2021-06-08
Backlot Stunt Coaster,08:00:00:00:00,16:00:00,2020-09-03
The Bat,08:00:00:00:00,16:00:00,2020-01-21
Behemoth,08:00:00:00:00,16:00:00,2020-04-17
Mighty Canadian Minebuster,08:00:00:00:00,16:00:00,2021-06-17
Blast Off!,10:00:00,18:00:00,2021-04-09
Flight Deck,12:00:00,20:00:00,2021-10-19
Yukon Striker,08:00:00:00:00,16:00:00,2021-12-02
Flight Deck,08:00:00:00:00,16:00:00,2021-03-20
Leviathan,12:00:00,20:00:00,2020-01-22
Yukon Striker,12:00:00,20:00:00,2020-02-22
Leviathan,10:00:00,18:00:00,2021-06-21
Mighty Canadian Minebuster,08:00:00:00:00,16:00:00,2020-04-06
Antique Carousel,10:00:00,18:00:00,2021-01-09
Leviathan,12:00:00,20:00:00,2020-05-01
Psyclone,10:00:00,18:00:00,2020-10-23
Antique Carousel,10:00:00,18:00:00,2020-11-11
Backlot Stunt Coaster,12:00:00,20:00:00,2021-02-26
Behemoth,08:00:00:00:00,16:00:00,2020-11-09
Shockwave,12:00:00,20:00:00,2020-01-17
Flight Deck,10:00:00,18:00:00,2020-03-02
The Fly,12:00:00,20:00:00,2021-05-12
Leviathan,08:00:00:00:00,16:00:00,2021-08-25
Blast Off!,08:00:00:00:00,16:00:00,2020-01-06
Blast Off!,08:00:00:00:00,16:00:00,2021-01-16
Behemoth,12:00:00,20:00:00,2020-03-19
Backlot Stunt Coaster,10:00:00,18:00:00,2020-07-15
Flight Deck,12:00:00,20:00:00,2021-01-17
The Bat,12:00:00,20:00:00,2021-04-19
Yukon Striker,10:00:00,18:00:00,2021-02-08
Backlot Stunt Coaster,08:00:00:00:00,16:00:00,2020-09-17
Leviathan,08:00:00:00:00,16:00:00,2020-03-23
Flight Deck,10:00:00,18:00:00,2021-10-18
Backlot Stunt Coaster,08:00:00:00:00,16:00:00,2021-12-10
Mighty Canadian Minebuster,08:00:00:00:00,16:00:00,2021-09-25
Psyclone,10:00:00,18:00:00,2020-02-14
Blast Off!,12:00:00,20:00:00,2021-05-24
The Bat,10:00:00,18:00:00,2021-04-13
The Fly,10:00:00,18:00:00,2020-10-02
Psyclone,12:00:00,20:00:00,2021-05-04
Yukon Striker,12:00:00,20:00:00,2021-03-05
Blast Off!,10:00:00,18:00:00,2021-11-27
The Bat,10:00:00,18:00:00,2020-08-25
Blast Off!,10:00:00,18:00:00,2021-09-02
Psyclone,12:00:00,20:00:00,2021-03-13
Yukon Striker,12:00:00,20:00:00,2021-12-16
Psyclone,08:00:00:00:00,16:00:00,2021-08-22
Backlot Stunt Coaster,12:00:00,20:00:00,2020-04-08
Ghoster Coaster,10:00:00,18:00:00,2020-06-29
Yukon Striker,08:00:00:00:00,16:00:00,2021-03-02
Yukon Striker,08:00:00:00:00,16:00:00,2020-03-29
Antique Carousel,12:00:00,20:00:00,2021-10-25
Flight Deck,08:00:00:00:00,16:00:00,2020-10-30
Mighty Canadian Minebuster,08:00:00:00:00,16:00:00,2021-12-26
The Fly,12:00:00,20:00:00,2020-12-03
Blast Off!,08:00:00:00:00,16:00:00,2021-06-20
Ghoster Coaster,08:00:00:00:00,16:00:00,2020-06-08
Dragon Fyre,10:00:00,18:00:00,2020-04-08
Psyclone,12:00:00,20:00:00,2020-09-11
The Bat,12:00:00,20:00:00,2020-09-20
Psyclone,08:00:00:00:00,16:00:00,2021-04-17
Sledge Hammer,08:00:00:00:00,16:00:00,2021-02-17
Psyclone,10:00:00,18:00:00,2021-08-10
The Fly,08:00:00:00:00,16:00:00,2021-04-22
Shockwave,12:00:00,20:00:00,2020-01-31
Yukon Striker,12:00:00,20:00:00,2021-01-27
Flight Deck,12:00:00,20:00:00,2020-07-03
The Fly,12:00:00,20:00:00,2020-02-24
Blast Off!,10:00:00,18:00:00,2021-02-18
Psyclone,12:00:00,20:00:00,2021-02-26
Dragon Fyre,12:00:00,20:00:00,2021-04-28
Psyclone,12:00:00,20:00:00,2020-12-04
Backlot Stunt Coaster,12:00:00,20:00:00,2021-11-05
Ghoster Coaster,12:00:00,20:00:00,2020-08-18
Flight Deck,12:00:00,20:00:00,2020-07-11
Yukon Striker,12:00:00,20:00:00,2021-01-26
Dragon Fyre,12:00:00,20:00:00,2020-01-12
Psyclone,10:00:00,18:00:00,2021-06-20
The Bat,10:00:00,18:00:00,2021-10-27
Flight Deck,08:00:00:00:00,16:00:00,2020-01-18
Leviathan,08:00:00:00:00,16:00:00,2021-08-05
Yukon Striker,10:00:00,18:00:00,2020-08-08
Sledge Hammer,08:00:00:00:00,16:00:00,2021-02-03
Blast Off!,12:00:00,20:00:00,2020-07-23
Leviathan,12:00:00,20:00:00,2021-08-23
Shockwave,08:00:00:00:00,16:00:00,2021-05-16
Antique Carousel,12:00:00,20:00:00,2020-05-21
Flight Deck,12:00:00,20:00:00,2021-11-25
Ghoster Coaster,10:00:00,18:00:00,2020-09-16
The Fly,12:00:00,20:00:00,2020-06-26
Shockwave,12:00:00,20:00:00,2020-07-28
Antique Carousel,08:00:00:00:00,16:00:00,2020-12-24
Sledge Hammer,10:00:00,18:00:00,2021-06-29
Backlot Stunt Coaster,12:00:00,20:00:00,2021-11-05
Yukon Striker,12:00:00,20:00:00,2021-05-11
The Fly,12:00:00,20:00:00,2020-12-08
The Fly,10:00:00,18:00:00,2021-05-29
Leviathan,08:00:00:00:00,16:00:00,2020-03-22
Shockwave,10:00:00,18:00:00,2020-06-26
Mighty Canadian Minebuster,10:00:00,18:00:00,2020-09-18
Antique Carousel,12:00:00,20:00:00,2020-05-18
Flight Deck,08:00:00:00:00,16:00:00,2021-05-26
Blast Off!,10:00:00,18:00:00,2021-11-22
Blast Off!,08:00:00:00:00,16:00:00,2020-01-11
Antique Carousel,12:00:00,20:00:00,2021-04-23
Ghoster Coaster,10:00:00,18:00:00,2020-02-04
The Fly,10:00:00,18:00:00,2021-07-31
Blast Off!,08:00:00:00:00,16:00:00,2021-11-23
The Bat,10:00:00,18:00:00,2021-10-26
Ghoster Coaster,10:00:00,18:00:00,2021-12-07
Backlot Stunt Coaster,12:00:00,20:00:00,2020-11-05
Blast Off!,10:00:00,18:00:00,2020-11-16
Shockwave,10:00:00,18:00:00,2021-10-23
Mighty Canadian Minebuster,10:00:00,18:00:00,2021-10-31
Sledge Hammer,10:00:00,18:00:00,2021-06-14
Mighty Canadian Minebuster,08:00:00:00:00,16:00:00,2021-06-04
Leviathan,08:00:00:00:00,16:00:00,2021-02-04
Shockwave,12:00:00,20:00:00,2020-06-02
Backlot Stunt Coaster,12:00:00,20:00:00,2021-10-05
Behemoth,10:00:00,18:00:00,2020-02-11
Behemoth,10:00:00,18:00:00,2021-07-28
Antique Carousel,12:00:00,20:00:00,2020-10-11
Mighty Canadian Minebuster,08:00:00:00:00,16:00:00,2020-04-24
Behemoth,10:00:00,18:00:00,2021-01-08
Backlot Stunt Coaster,10:00:00,18:00:00,2020-12-30
Dragon Fyre,10:00:00,18:00:00,2021-04-13
The Fly,08:00:00:00:00,16:00:00,2021-05-24
Yukon Striker,10:00:00,18:00:00,2021-04-17
Mighty Canadian Minebuster,08:00:00:00:00,16:00:00,2021-03-28
Dragon Fyre,08:00:00:00:00,16:00:00,2020-10-06
Yukon Striker,08:00:00:00:00,16:00:00,2020-04-11
Behemoth,08:00:00:00:00,16:00:00,2021-04-25
The Bat,12:00:00,20:00:00,2021-01-17
Shockwave,10:00:00,18:00:00,2020-05-23
Blast Off!,08:00:00:00:00,16:00:00,2020-08-26
Flight Deck,12:00:00,20:00:00,2021-10-10
Blast Off!,10:00:00,18:00:00,2020-12-16
Ghoster Coaster,12:00:00,20:00:00,2021-09-01
Psyclone,12:00:00,20:00:00,2021-12-07
Shockwave,10:00:00,18:00:00,2021-02-13
Yukon Striker,12:00:00,20:00:00,2021-12-22
Ghoster Coaster,12:00:00,20:00:00,2020-10-25
Mighty Canadian Minebuster,12:00:00,20:00:00,2021-10-14
Blast Off!,08:00:00:00:00,16:00:00,2021-01-11
The Bat,10:00:00,18:00:00,2021-05-10
The Fly,10:00:00,18:00:00,2020-12-28
Yukon Striker,10:00:00,18:00:00,2020-03-30
Flight Deck,08:00:00:00:00,16:00:00,2020-11-18
Backlot Stunt Coaster,08:00:00:00:00,16:00:00,2020-01-29
Dragon Fyre,10:00:00,18:00:00,2020-06-20
Flight Deck,08:00:00:00:00,16:00:00,2021-10-29
Dragon Fyre,08:00:00:00:00,16:00:00,2021-07-09
Flight Deck,08:00:00:00:00,16:00:00,2021-08-31
The Fly,12:00:00,20:00:00,2020-10-18
Dragon Fyre,12:00:00,20:00:00,2020-06-03
Yukon Striker,10:00:00,18:00:00,2020-07-25
The Bat,10:00:00,18:00:00,2020-04-07
Blast Off!,08:00:00:00:00,16:00:00,2020-12-05
Dragon Fyre,08:00:00:00:00,16:00:00,2021-03-06
Dragon Fyre,10:00:00,18:00:00,2020-04-01
Psyclone,08:00:00:00:00,16:00:00,2020-09-09
Antique Carousel,08:00:00:00:00,16:00:00,2021-09-17
Mighty Canadian Minebuster,10:00:00,18:00:00,2021-01-16
Sledge Hammer,12:00:00,20:00:00,2020-03-04
Sledge Hammer,08:00:00:00:00,16:00:00,2020-06-30
The Fly,08:00:00:00:00,16:00:00,2021-03-16
Dragon Fyre,10:00:00,18:00:00,2020-05-15
Sledge Hammer,12:00:00,20:00:00,2021-08-13
Mighty Canadian Minebuster,08:00:00:00:00,16:00:00,2020-12-12
Flight Deck,12:00:00,20:00:00,2021-09-17
Flight Deck,08:00:00:00:00,16:00:00,2020-02-25
Leviathan,10:00:00,18:00:00,2021-05-16
Sledge Hammer,10:00:00,18:00:00,2021-07-11
Backlot Stunt Coaster,12:00:00,20:00:00,2021-09-03
Ghoster Coaster,12:00:00,20:00:00,2021-06-06
Flight Deck,12:00:00,20:00:00,2021-05-22
The Bat,12:00:00,20:00:00,2021-04-10
Ghoster Coaster,10:00:00,18:00:00,2021-01-30
Yukon Striker,10:00:00,18:00:00,2020-02-17
Leviathan,08:00:00:00:00,16:00:00,2021-04-07
Yukon Striker,08:00:00:00:00,16:00:00,2020-05-01
Yukon Striker,12:00:00,20:00:00,2021-05-27
Flight Deck,08:00:00:00:00,16:00:00,2020-03-20
Shockwave,10:00:00,18:00:00,2021-04-13
Blast Off!,12:00:00,20:00:00,2020-01-10
Dragon Fyre,08:00:00:00:00,16:00:00,2021-11-15
Antique Carousel,08:00:00:00:00,16:00:00,2020-06-26
Mighty Canadian Minebuster,08:00:00:00:00,16:00:00,2021-03-13
Sledge Hammer,08:00:00:00:00,16:00:00,2020-12-10
Antique Carousel,12:00:00,20:00:00,2021-04-21
Backlot Stunt Coaster,10:00:00,18:00:00,2020-09-04
Ghoster Coaster,10:00:00,18:00:00,2020-05-22
Psyclone,08:00:00:00:00,16:00:00,2020-05-21
Antique Carousel,12:00:00,20:00:00,2021-07-09
Ghoster Coaster,08:00:00:00:00,16:00:00,2020-07-23
Dragon Fyre,08:00:00:00:00,16:00:00,2021-06-19
Yukon Striker,12:00:00,20:00:00,2021-06-25
Dragon Fyre,08:00:00:00:00,16:00:00,2020-05-23
The Bat,10:00:00,18:00:00,2020-01-02
Behemoth,12:00:00,20:00:00,2020-04-29
Behemoth,08:00:00:00:00,16:00:00,2021-04-22
Behemoth,08:00:00:00:00,16:00:00,2021-09-22
Dragon Fyre,12:00:00,20:00:00,2021-01-23
Sledge Hammer,12:00:00,20:00:00,2021-10-25
Ghoster Coaster,10:00:00,18:00:00,2021-06-21
Ghoster Coaster,12:00:00,20:00:00,2020-06-15
Mighty Canadian Minebuster,08:00:00:00:00,16:00:00,2020-06-04
Flight Deck,08:00:00:00:00,16:00:00,2020-06-26
Dragon Fyre,08:00:00:00:00,16:00:00,2020-10-31
Flight Deck,10:00:00,18:00:00,2020-05-27
Dragon Fyre,08:00:00:00:00,16:00:00,2021-02-11
Ghoster Coaster,10:00:00,18:00:00,2020-04-11
Blast Off!,08:00:00:00:00,16:00:00,2021-04-29
Shockwave,10:00:00,18:00:00,2021-06-24
Behemoth,10:00:00,18:00:00,2020-10-13
The Bat,10:00:00,18:00:00,2021-12-20
Mighty Canadian Minebuster,12:00:00,20:00:00,2021-07-14
Leviathan,08:00:00:00:00,16:00:00,2020-02-01
Behemoth,12:00:00,20:00:00,2020-07-25
Leviathan,08:00:00:00:00,16:00:00,2021-02-04
The Bat,08:00:00:00:00,16:00:00,2021-10-22
Psyclone,12:00:00,20:00:00,2020-01-25
Psyclone,10:00:00,18:00:00,2021-12-20
Antique Carousel,10:00:00,18:00:00,2021-07-06
Sledge Hammer,12:00:00,20:00:00,2020-08-17
Dragon Fyre,08:00:00:00:00,16:00:00,2021-09-04
Behemoth,08:00:00:00:00,16:00:00,2021-12-06
Mighty Canadian Minebuster,08:00:00:00:00,16:00:00,2020-05-23
Yukon Striker,12:00:00,20:00:00,2021-07-11
Mighty Canadian Minebuster,08:00:00:00:00,16:00:00,2020-04-04
Blast Off!,10:00:00,18:00:00,2021-10-06
Sledge Hammer,08:00:00:00:00,16:00:00,2020-06-10
Sledge Hammer,10:00:00,18:00:00,2021-12-18
Leviathan,10:00:00,18:00:00,2021-06-14
Yukon Striker,08:00:00:00:00,16:00:00,2021-02-26
Psyclone,10:00:00,18:00:00,2021-11-14
Blast Off!,08:00:00:00:00,16:00:00,2021-04-11
Mighty Canadian Minebuster,12:00:00,20:00:00,2020-05-04
Yukon Striker,12:00:00,20:00:00,2020-10-05
Flight Deck,08:00:00:00:00,16:00:00,2020-08-07
Ghoster Coaster,10:00:00,18:00:00,2020-09-24
Leviathan,12:00:00,20:00:00,2021-02-05
Flight Deck,12:00:00,20:00:00,2020-07-24
The Bat,08:00:00:00:00,16:00:00,2021-12-10
Dragon Fyre,10:00:00,18:00:00,2021-04-10
Leviathan,10:00:00,18:00:00,2021-04-29
Behemoth,10:00:00,18:00:00,2021-09-21
The Fly,12:00:00,20:00:00,2021-05-02
Sledge Hammer,08:00:00:00:00,16:00:00,2021-04-25
Blast Off!,12:00:00,20:00:00,2020-12-11
Dragon Fyre,08:00:00:00:00,16:00:00,2020-06-23
Sledge Hammer,12:00:00,20:00:00,2021-10-03
Shockwave,10:00:00,18:00:00,2020-08-15
Mighty Canadian Minebuster,12:00:00,20:00:00,2021-10-31
Mighty Canadian Minebuster,12:00:00,20:00:00,2020-05-11
Ghoster Coaster,10:00:00,18:00:00,2020-07-31
Antique Carousel,10:00:00,18:00:00,2020-04-10
Dragon Fyre,08:00:00:00:00,16:00:00,2020-07-21
Ghoster Coaster,08:00:00:00:00,16:00:00,2020-11-22
Dragon Fyre,10:00:00,18:00:00,2021-11-11
Flight Deck,10:00:00,18:00:00,2020-03-14
Antique Carousel,10:00:00,18:00:00,2021-12-29
Leviathan,10:00:00,18:00:00,2021-08-16
The Bat,08:00:00:00:00,16:00:00,2020-08-05
Shockwave,08:00:00:00:00,16:00:00,2021-09-13
Mighty Canadian Minebuster,10:00:00,18:00:00,2020-03-07
Yukon Striker,12:00:00,20:00:00,2021-04-02
Backlot Stunt Coaster,10:00:00,18:00:00,2021-10-22
Shockwave,10:00:00,18:00:00,2021-05-05
Leviathan,08:00:00:00:00,16:00:00,2020-06-03
Behemoth,10:00:00,18:00:00,2020-08-20
Yukon Striker,12:00:00,20:00:00,2021-12-21
Leviathan,10:00:00,18:00:00,2021-08-28
Ghoster Coaster,12:00:00,20:00:00,2021-02-05
Mighty Canadian Minebuster,10:00:00,18:00:00,2020-08-28
Antique Carousel,08:00:00:00:00,16:00:00,2021-07-28
Behemoth,10:00:00,18:00:00,2021-11-12
Psyclone,08:00:00:00:00,16:00:00,2021-09-28
Backlot Stunt Coaster,10:00:00,18:00:00,2021-03-22
Flight Deck,10:00:00,18:00:00,2021-02-05
Blast Off!,10:00:00,18:00:00,2021-01-24
Behemoth,08:00:00:00:00,16:00:00,2020-09-03
Ghoster Coaster,08:00:00:00:00,16:00:00,2021-06-29
Ghoster Coaster,08:00:00:00:00,16:00:00,2021-09-09
Antique Carousel,12:00:00,20:00:00,2020-01-04
Flight Deck,10:00:00,18:00:00,2021-12-25
Ghoster Coaster,10:00:00,18:00:00,2020-08-24
Dragon Fyre,10:00:00,18:00:00,2020-04-13
Ghoster Coaster,12:00:00,20:00:00,2021-01-04
Backlot Stunt Coaster,10:00:00,18:00:00,2021-08-17
Psyclone,12:00:00,20:00:00,2021-04-16
Blast Off!,12:00:00,20:00:00,2020-08-14
The Fly,08:00:00:00:00,16:00:00,2020-01-31
Mighty Canadian Minebuster,08:00:00:00:00,16:00:00,2020-05-12
Dragon Fyre,08:00:00:00:00,16:00:00,2020-07-30
Antique Carousel,08:00:00:00:00,16:00:00,2021-07-04
Mighty Canadian Minebuster,12:00:00,20:00:00,2020-05-28
Mighty Canadian Minebuster,10:00:00,18:00:00,2020-04-14
Backlot Stunt Coaster,12:00:00,20:00:00,2021-07-07
The Bat,12:00:00,20:00:00,2021-11-17
The Bat,10:00:00,18:00:00,2021-12-25
Ghoster Coaster,08:00:00:00:00,16:00:00,2020-11-13
The Fly,12:00:00,20:00:00,2020-10-01
Dragon Fyre,08:00:00:00:00,16:00:00,2021-07-23
Yukon Striker,10:00:00,18:00:00,2021-12-03
Dragon Fyre,08:00:00:00:00,16:00:00,2021-09-12
Shockwave,08:00:00:00:00,16:00:00,2021-09-15
Shockwave,10:00:00,18:00:00,2021-01-07
Shockwave,12:00:00,20:00:00,2020-10-09
Ghoster Coaster,10:00:00,18:00:00,2020-10-16
Antique Carousel,12:00:00,20:00:00,2020-06-02
Flight Deck,08:00:00:00:00,16:00:00,2020-12-14
Dragon Fyre,12:00:00,20:00:00,2020-01-09
Psyclone,12:00:00,20:00:00,2021-07-01
Backlot Stunt Coaster,08:00:00:00:00,16:00:00,2021-11-09
Ghoster Coaster,12:00:00,20:00:00,2021-07-07
Flight Deck,12:00:00,20:00:00,2021-03-21
Shockwave,10:00:00,18:00:00,2020-09-02
Leviathan,08:00:00:00:00,16:00:00,2020-06-15
Leviathan,08:00:00:00:00,16:00:00,2020-01-17
Mighty Canadian Minebuster,12:00:00,20:00:00,2020-12-27
Antique Carousel,08:00:00:00:00,16:00:00,2020-10-28
Leviathan,08:00:00:00:00,16:00:00,2020-09-09
Backlot Stunt Coaster,08:00:00:00:00,16:00:00,2021-02-16
Yukon Striker,10:00:00,18:00:00,2020-04-23
Behemoth,12:00:00,20:00:00,2020-03-10
Behemoth,08:00:00:00:00,16:00:00,2021-07-17
Psyclone,08:00:00:00:00,16:00:00,2020-01-07
Ghoster Coaster,10:00:00,18:00:00,2020-03-22
Mighty Canadian Minebuster,10:00:00,18:00:00,2021-08-18
Ghoster Coaster,08:00:00:00:00,16:00:00,2020-02-23
Yukon Striker,12:00:00,20:00:00,2021-06-24
Yukon Striker,10:00:00,18:00:00,2021-03-13
Flight Deck,08:00:00:00:00,16:00:00,2020-06-07
Psyclone,08:00:00:00:00,16:00:00,2021-04-15
Leviathan,10:00:00,18:00:00,2020-02-24
Sledge Hammer,08:00:00:00:00,16:00:00,2021-06-12
Leviathan,10:00:00,18:00:00,2021-03-23
The Bat,12:00:00,20:00:00,2021-04-01
The Bat,10:00:00,18:00:00,2021-08-31
Antique Carousel,10:00:00,18:00:00,2020-05-29
The Bat,10:00:00,18:00:00,2021-12-23
Flight Deck,08:00:00:00:00,16:00:00,2021-10-15
Blast Off!,12:00:00,20:00:00,2021-10-07
The Fly,10:00:00,18:00:00,2021-04-26
Flight Deck,08:00:00:00:00,16:00:00,2021-03-09
Dragon Fyre,10:00:00,18:00:00,2020-08-12
Sledge Hammer,12:00:00,20:00:00,2020-02-02
Sledge Hammer,10:00:00,18:00:00,2021-09-28
Blast Off!,08:00:00:00:00,16:00:00,2021-03-12
The Fly,08:00:00:00:00,16:00:00,2021-07-14
Mighty Canadian Minebuster,12:00:00,20:00:00,2020-09-24
The Fly,10:00:00,18:00:00,2020-09-10
Dragon Fyre,12:00:00,20:00:00,2021-04-12
The Fly,12:00:00,20:00:00,2021-09-25
Ghoster Coaster,12:00:00,20:00:00,2020-09-09
The Fly,12:00:00,20:00:00,2020-06-12
Flight Deck,10:00:00,18:00:00,2021-01-05
Mighty Canadian Minebuster,08:00:00:00:00,16:00:00,2021-06-01
Mighty Canadian Minebuster,08:00:00:00:00,16:00:00,2021-10-30
Flight Deck,10:00:00,18:00:00,2020-04-29
Leviathan,12:00:00,20:00:00,2021-04-17
Backlot Stunt Coaster,12:00:00,20:00:00,2021-04-10
The Fly,12:00:00,20:00:00,2021-02-03
Psyclone,12:00:00,20:00:00,2021-12-29
Yukon Striker,12:00:00,20:00:00,2021-01-06
The Bat,12:00:00,20:00:00,2020-12-23
Mighty Canadian Minebuster,08:00:00:00:00,16:00:00,2020-08-27
Flight Deck,12:00:00,20:00:00,2020-06-27
Psyclone,10:00:00,18:00:00,2021-05-25
Flight Deck,12:00:00,20:00:00,2020-06-25
Leviathan,10:00:00,18:00:00,2020-11-16
Mighty Canadian Minebuster,10:00:00,18:00:00,2020-11-02
Mighty Canadian Minebuster,12:00:00,20:00:00,2020-09-27
Antique Carousel,10:00:00,18:00:00,2021-11-14
Antique Carousel,10:00:00,18:00:00,2021-08-29
Backlot Stunt Coaster,08:00:00:00:00,16:00:00,2021-04-10
Sledge Hammer,08:00:00:00:00,16:00:00,2020-01-11
Leviathan,10:00:00,18:00:00,2020-11-26
The Bat,10:00:00,18:00:00,2021-02-19
Shockwave,12:00:00,20:00:00,2020-11-29
Leviathan,08:00:00:00:00,16:00:00,2021-06-23
Leviathan,10:00:00,18:00:00,2021-02-15
Yukon Striker,08:00:00:00:00,16:00:00,2021-03-31
Antique Carousel,08:00:00:00:00,16:00:00,2021-09-09
Blast Off!,10:00:00,18:00:00,2020-02-01
Psyclone,10:00:00,18:00:00,2020-05-23
Antique Carousel,12:00:00,20:00:00,2020-02-22
The Fly,10:00:00,18:00:00,2021-02-19
Antique Carousel,12:00:00,20:00:00,2021-09-20
Yukon Striker,10:00:00,18:00:00,2021-10-16
Behemoth,12:00:00,20:00:00,2020-07-27
Dragon Fyre,12:00:00,20:00:00,2021-09-18
Blast Off!,08:00:00:00:00,16:00:00,2020-12-07
Leviathan,10:00:00,18:00:00,2021-08-04
The Fly,12:00:00,20:00:00,2021-05-12
Ghoster Coaster,10:00:00,18:00:00,2020-03-28
Dragon Fyre,08:00:00:00:00,16:00:00,2021-08-09
Sledge Hammer,08:00:00:00:00,16:00:00,2021-01-05
Yukon Striker,10:00:00,18:00:00,2020-07-04
Shockwave,08:00:00:00:00,16:00:00,2021-07-06
Behemoth,12:00:00,20:00:00,2021-10-01
The Fly,08:00:00:00:00,16:00:00,2021-08-23
Sledge Hammer,08:00:00:00:00,16:00:00,2021-02-11
Behemoth,10:00:00,18:00:00,2021-08-24
Antique Carousel,12:00:00,20:00:00,2020-06-14
Psyclone,10:00:00,18:00:00,2021-04-29
The Bat,10:00:00,18:00:00,2021-10-26
Psyclone,12:00:00,20:00:00,2020-07-21
Yukon Striker,12:00:00,20:00:00,2021-09-13
Leviathan,08:00:00:00:00,16:00:00,2021-05-11
Yukon Striker,08:00:00:00:00,16:00:00,2020-05-16
Behemoth,08:00:00:00:00,16:00:00,2021-12-21
Backlot Stunt Coaster,08:00:00:00:00,16:00:00,2021-09-28
Behemoth,10:00:00,18:00:00,2021-10-15
Blast Off!,12:00:00,20:00:00,2020-07-08
Sledge Hammer,10:00:00,18:00:00,2021-09-23
Dragon Fyre,08:00:00:00:00,16:00:00,2020-01-11
Antique Carousel,08:00:00:00:00,16:00:00,2020-11-08
The Fly,12:00:00,20:00:00,2021-01-08
Backlot Stunt Coaster,10:00:00,18:00:00,2020-05-04
The Bat,10:00:00,18:00:00,2020-06-29
Backlot Stunt Coaster,10:00:00,18:00:00,2021-10-18
Sledge Hammer,10:00:00,18:00:00,2020-05-31
Backlot Stunt Coaster,10:00:00,18:00:00,2021-07-04
Shockwave,12:00:00,20:00:00,2021-12-25
Yukon Striker,10:00:00,18:00:00,2020-10-20
Yukon Striker,08:00:00:00:00,16:00:00,2021-07-14
Backlot Stunt Coaster,12:00:00,20:00:00,2020-08-01
The Bat,10:00:00,18:00:00,2020-05-08
The Fly,12:00:00,20:00:00,2020-11-11
Psyclone,08:00:00:00:00,16:00:00,2020-02-10
Shockwave,10:00:00,18:00:00,2021-04-15
Behemoth,08:00:00:00:00,16:00:00,2020-06-06
Mighty Canadian Minebuster,12:00:00,20:00:00,2020-12-25
Mighty Canadian Minebuster,10:00:00,18:00:00,2021-12-17
The Bat,08:00:00:00:00,16:00:00,2020-07-13
Dragon Fyre,08:00:00:00:00,16:00:00,2020-01-30
Backlot Stunt Coaster,08:00:00:00:00,16:00:00,2020-10-06
Ghoster Coaster,10:00:00,18:00:00,2020-03-14
The Bat,12:00:00,20:00:00,2021-09-20
Flight Deck,10:00:00,18:00:00,2020-05-14
Blast Off!,12:00:00,20:00:00,2020-07-19
Shockwave,12:00:00,20:00:00,2020-01-21
Mighty Canadian Minebuster,08:00:00:00:00,16:00:00,2020-12-14
Sledge Hammer,08:00:00:00:00,16:00:00,2020-03-16
The Bat,12:00:00,20:00:00,2020-02-18
Flight Deck,12:00:00,20:00:00,2021-05-20
The Fly,12:00:00,20:00:00,2021-01-01
Blast Off!,12:00:00,20:00:00,2020-10-29
The Bat,08:00:00:00:00,16:00:00,2021-10-02
Antique Carousel,12:00:00,20:00:00,2020-04-27
Dragon Fyre,08:00:00:00:00,16:00:00,2020-05-26
Blast Off!,12:00:00,20:00:00,2020-06-08
Yukon Striker,12:00:00,20:00:00,2021-11-25
Backlot Stunt Coaster,12:00:00,20:00:00,2020-05-12
Psyclone,08:00:00:00:00,16:00:00,2021-08-08
Shockwave,12:00:00,20:00:00,2020-08-23
Yukon Striker,10:00:00,18:00:00,2020-04-02
Flight Deck,08:00:00:00:00,16:00:00,2021-11-14
Mighty Canadian Minebuster,08:00:00:00:00,16:00:00,2021-02-24
Sledge Hammer,12:00:00,20:00:00,2020-02-08
Yukon Striker,10:00:00,18:00:00,2021-03-15
Ghoster Coaster,10:00:00,18:00:00,2021-10-30
Ghoster Coaster,10:00:00,18:00:00,2020-07-08
Sledge Hammer,08:00:00:00:00,16:00:00,2021-11-03
Mighty Canadian Minebuster,08:00:00:00:00,16:00:00,2020-05-08
Flight Deck,10:00:00,18:00:00,2020-05-28
Mighty Canadian Minebuster,12:00:00,20:00:00,2020-08-16
Ghoster Coaster,10:00:00,18:00:00,2021-09-22
Backlot Stunt Coaster,12:00:00,20:00:00,2020-05-06
Psyclone,12:00:00,20:00:00,2021-08-07
Behemoth,12:00:00,20:00:00,2020-06-30
Mighty Canadian Minebuster,12:00:00,20:00:00,2021-09-28
Ghoster Coaster,12:00:00,20:00:00,2020-03-15
Ghoster Coaster,10:00:00,18:00:00,2020-05-12
Mighty Canadian Minebuster,08:00:00:00:00,16:00:00,2020-08-31
Flight Deck,10:00:00,18:00:00,2021-11-20
Dragon Fyre,10:00:00,18:00:00,2020-04-19
Dragon Fyre,08:00:00:00:00,16:00:00,2020-02-18
Antique Carousel,08:00:00:00:00,16:00:00,2021-02-07
Psyclone,12:00:00,20:00:00,2020-04-29
Ghoster Coaster,10:00:00,18:00:00,2020-12-27
Flight Deck,08:00:00:00:00,16:00:00,2020-12-11
The Bat,08:00:00:00:00,16:00:00,2020-02-14
Yukon Striker,08:00:00:00:00,16:00:00,2020-05-13
Flight Deck,12:00:00,20:00:00,2020-06-24
Mighty Canadian Minebuster,08:00:00:00:00,16:00:00,2020-04-16
The Fly,10:00:00,18:00:00,2021-03-12
Flight Deck,08:00:00:00:00,16:00:00,2020-04-23
Backlot Stunt Coaster,08:00:00:00:00,16:00:00,2021-12-06
Flight Deck,08:00:00:00:00,16:00:00,2020-07-13
Shockwave,08:00:00:00:00,16:00:00,2020-07-16
Sledge Hammer,10:00:00,18:00:00,2020-11-17
Blast Off!,08:00:00:00:00,16:00:00,2020-06-27
Leviathan,10:00:00,18:00:00,2020-09-20
Sledge Hammer,08:00:00:00:00,16:00:00,2021-06-13
Leviathan,10:00:00,18:00:00,2020-11-12
The Fly,10:00:00,18:00:00,2021-05-25
Flight Deck,10:00:00,18:00:00,2020-10-28
Shockwave,08:00:00:00:00,16:00:00,2021-10-30
Shockwave,10:00:00,18:00:00,2020-10-28
Ghoster Coaster,12:00:00,20:00:00,2021-04-16
Psyclone,10:00:00,18:00:00,2021-08-11
Backlot Stunt Coaster,10:00:00,18:00:00,2021-07-06
Blast Off!,12:00:00,20:00:00,2020-01-09
The Fly,10:00:00,18:00:00,2021-08-19
Yukon Striker,12:00:00,20:00:00,2020-04-01
The Fly,12:00:00,20:00:00,2021-07-08
Blast Off!,12:00:00,20:00:00,2021-10-16
Dragon Fyre,08:00:00:00:00,16:00:00,2020-08-11
Behemoth,08:00:00:00:00,16:00:00,2020-08-15
Ghoster Coaster,10:00:00,18:00:00,2020-05-09
Flight Deck,08:00:00:00:00,16:00:00,2021-06-03
Blast Off!,08:00:00:00:00,16:00:00,2020-03-13
Shockwave,10:00:00,18:00:00,2020-05-24
Psyclone,12:00:00,20:00:00,2020-04-04
The Bat,10:00:00,18:00:00,2021-11-26
Antique Carousel,08:00:00:00:00,16:00:00,2021-07-20
Antique Carousel,10:00:00,18:00:00,2021-07-29
Shockwave,10:00:00,18:00:00,2021-07-13
The Bat,10:00:00,18:00:00,2020-08-26
Shockwave,12:00:00,20:00:00,2021-02-12
Leviathan,08:00:00:00:00,16:00:00,2020-07-24
Yukon Striker,08:00:00:00:00,16:00:00,2021-05-28
Blast Off!,10:00:00,18:00:00,2021-07-18
The Bat,12:00:00,20:00:00,2020-09-25
Leviathan,08:00:00:00:00,16:00:00,2021-10-23
Yukon Striker,10:00:00,18:00:00,2021-06-08
Antique Carousel,12:00:00,20:00:00,2020-02-22
Ghoster Coaster,10:00:00,18:00:00,2020-07-18
Psyclone,10:00:00,18:00:00,2020-10-26
The Fly,12:00:00,20:00:00,2020-02-17
The Fly,10:00:00,18:00:00,2020-07-07
Dragon Fyre,08:00:00:00:00,16:00:00,2020-07-31
Blast Off!,10:00:00,18:00:00,2021-03-31
Yukon Striker,12:00:00,20:00:00,2021-05-29
Psyclone,10:00:00,18:00:00,2020-02-18
Flight Deck,10:00:00,18:00:00,2020-01-12
The Bat,12:00:00,20:00:00,2020-08-19
Mighty Canadian Minebuster,10:00:00,18:00:00,2021-12-07
Flight Deck,10:00:00,18:00:00,2020-05-17
Backlot Stunt Coaster,12:00:00,20:00:00,2020-10-30
Shockwave,12:00:00,20:00:00,2020-06-26
Yukon Striker,08:00:00:00:00,16:00:00,2021-03-05
Leviathan,08:00:00:00:00,16:00:00,2021-06-28
Antique Carousel,08:00:00:00:00,16:00:00,2020-01-22
Mighty Canadian Minebuster,10:00:00,18:00:00,2020-08-07
Shockwave,12:00:00,20:00:00,2021-08-02
Flight Deck,12:00:00,20:00:00,2021-05-02
Psyclone,12:00:00,20:00:00,2021-09-19
Backlot Stunt Coaster,12:00:00,20:00:00,2020-12-03
Behemoth,08:00:00:00:00,16:00:00,2020-03-19
Sledge Hammer,08:00:00:00:00,16:00:00,2021-06-26
The Bat,12:00:00,20:00:00,2020-02-01
Blast Off!,08:00:00:00:00,16:00:00,2020-10-29
Mighty Canadian Minebuster,08:00:00:00:00,16:00:00,2020-01-19
Yukon Striker,12:00:00,20:00:00,2020-01-21
Backlot Stunt Coaster,10:00:00,18:00:00,2020-10-08
Yukon Striker,10:00:00,18:00:00,2021-11-11
Mighty Canadian Minebuster,12:00:00,20:00:00,2021-10-11
Antique Carousel,08:00:00:00:00,16:00:00,2021-02-25
Yukon Striker,08:00:00:00:00,16:00:00,2020-08-10
Psyclone,08:00:00:00:00,16:00:00,2021-09-25
Sledge Hammer,10:00:00,18:00:00,2021-07-10
Blast Off!,08:00:00:00:00,16:00:00,2021-08-11
Leviathan,08:00:00:00:00,16:00:00,2020-09-02
Behemoth,08:00:00:00:00,16:00:00,2020-02-18
Mighty Canadian Minebuster,12:00:00,20:00:00,2020-08-30
Yukon Striker,08:00:00:00:00,16:00:00,2021-10-01
Backlot Stunt Coaster,08:00:00:00:00,16:00:00,2020-06-23
Mighty Canadian Minebuster,12:00:00,20:00:00,2020-07-23
Dragon Fyre,08:00:00:00:00,16:00:00,2020-10-15
Yukon Striker,12:00:00,20:00:00,2020-03-26
Mighty Canadian Minebuster,12:00:00,20:00:00,2020-07-29
Shockwave,08:00:00:00:00,16:00:00,2021-08-06
Dragon Fyre,08:00:00:00:00,16:00:00,2020-04-18
The Bat,10:00:00,18:00:00,2021-12-09
Flight Deck,08:00:00:00:00,16:00:00,2020-08-06
Backlot Stunt Coaster,10:00:00,18:00:00,2020-01-04
Blast Off!,08:00:00:00:00,16:00:00,2021-08-01
Blast Off!,12:00:00,20:00:00,2021-01-15
Mighty Canadian Minebuster,12:00:00,20:00:00,2020-11-15
Backlot Stunt Coaster,08:00:00:00:00,16:00:00,2020-11-13
Mighty Canadian Minebuster,10:00:00,18:00:00,2021-05-28
Leviathan,08:00:00:00:00,16:00:00,2021-09-14
Yukon Striker,10:00:00,18:00:00,2020-10-20
Leviathan,12:00:00,20:00:00,2021-03-08
Sledge Hammer,10:00:00,18:00:00,2021-10-22
The Bat,08:00:00:00:00,16:00:00,2021-07-02
Behemoth,12:00:00,20:00:00,2021-09-11
The Bat,12:00:00,20:00:00,2021-10-12
Backlot Stunt Coaster,08:00:00:00:00,16:00:00,2021-04-17
The Fly,12:00:00,20:00:00,2020-05-26
Flight Deck,08:00:00:00:00,16:00:00,2020-06-04
Dragon Fyre,08:00:00:00:00,16:00:00,2021-05-05
The Bat,12:00:00,20:00:00,2021-10-29
Backlot Stunt Coaster,10:00:00,18:00:00,2020-07-24
Blast Off!,10:00:00,18:00:00,2020-12-15
Behemoth,10:00:00,18:00:00,2020-05-20
The Fly,12:00:00,20:00:00,2020-09-22
Psyclone,10:00:00,18:00:00,2020-01-02
Backlot Stunt Coaster,08:00:00:00:00,16:00:00,2020-01-08
Antique Carousel,08:00:00:00:00,16:00:00,2020-10-27
Shockwave,10:00:00,18:00:00,2021-05-29
Behemoth,08:00:00:00:00,16:00:00,2020-07-30
Antique Carousel,08:00:00:00:00,16:00:00,2020-02-03
Backlot Stunt Coaster,08:00:00:00:00,16:00:00,2021-01-31
Yukon Striker,10:00:00,18:00:00,2021-07-30
Mighty Canadian Minebuster,12:00:00,20:00:00,2021-03-10
Shockwave,12:00:00,20:00:00,2020-01-25
The Bat,12:00:00,20:00:00,2020-01-28
Sledge Hammer,08:00:00:00:00,16:00:00,2020-07-23
Yukon Striker,08:00:00:00:00,16:00:00,2020-03-23
Ghoster Coaster,12:00:00,20:00:00,2020-10-12
Backlot Stunt Coaster,12:00:00,20:00:00,2020-10-01
Blast Off!,08:00:00:00:00,16:00:00,2021-09-02
Backlot Stunt Coaster,08:00:00:00:00,16:00:00,2021-09-14
Antique Carousel,08:00:00:00:00,16:00:00,2021-11-27
Backlot Stunt Coaster,08:00:00:00:00,16:00:00,2021-11-15
The Fly,12:00:00,20:00:00,2021-04-16
Yukon Striker,08:00:00:00:00,16:00:00,2021-10-21
Sledge Hammer,12:00:00,20:00:00,2020-01-03
Dragon Fyre,08:00:00:00:00,16:00:00,2021-12-18
Behemoth,12:00:00,20:00:00,2020-03-14
Shockwave,12:00:00,20:00:00,2020-10-12
Behemoth,08:00:00:00:00,16:00:00,2020-06-21
Sledge Hammer,08:00:00:00:00,16:00:00,2021-03-08
Backlot Stunt Coaster,10:00:00,18:00:00,2021-05-22
Leviathan,10:00:00,18:00:00,2021-09-02
Flight Deck,08:00:00:00:00,16:00:00,2020-11-27
Behemoth,08:00:00:00:00,16:00:00,2021-08-24
The Fly,08:00:00:00:00,16:00:00,2021-05-17
Flight Deck,08:00:00:00:00,16:00:00,2021-05-12
Psyclone,12:00:00,20:00:00,2020-11-22
Antique Carousel,08:00:00:00:00,16:00:00,2021-04-15
Psyclone,10:00:00,18:00:00,2021-04-15
Psyclone,12:00:00,20:00:00,2021-12-27
Flight Deck,08:00:00:00:00,16:00:00,2021-07-20
Shockwave,12:00:00,20:00:00,2021-10-21
Shockwave,08:00:00:00:00,16:00:00,2021-11-06
Blast Off!,12:00:00,20:00:00,2021-02-16
Blast Off!,08:00:00:00:00,16:00:00,2021-04-06
Behemoth,10:00:00,18:00:00,2021-03-06
Yukon Striker,12:00:00,20:00:00,2020-06-17
Sledge Hammer,12:00:00,20:00:00,2020-09-06
Blast Off!,08:00:00:00:00,16:00:00,2020-01-30
The Bat,12:00:00,20:00:00,2021-12-17
Leviathan,10:00:00,18:00:00,2021-03-19
Mighty Canadian Minebuster,12:00:00,20:00:00,2020-02-02
Psyclone,12:00:00,20:00:00,2020-05-19
Antique Carousel,12:00:00,20:00:00,2020-02-14
Sledge Hammer,08:00:00:00:00,16:00:00,2020-02-08
Ghoster Coaster,12:00:00,20:00:00,2020-09-17
The Fly,08:00:00:00:00,16:00:00,2020-06-09
Backlot Stunt Coaster,10:00:00,18:00:00,2021-11-21
Ghoster Coaster,12:00:00,20:00:00,2021-03-19
Backlot Stunt Coaster,12:00:00,20:00:00,2020-06-16
Behemoth,10:00:00,18:00:00,2020-10-21
Behemoth,08:00:00:00:00,16:00:00,2021-10-08
Sledge Hammer,10:00:00,18:00:00,2020-02-29
Mighty Canadian Minebuster,08:00:00:00:00,16:00:00,2020-08-08
Psyclone,10:00:00,18:00:00,2021-06-20
Shockwave,10:00:00,18:00:00,2021-04-07
Blast Off!,08:00:00:00:00,16:00:00,2020-02-09
Leviathan,10:00:00,18:00:00,2021-06-24
Behemoth,12:00:00,20:00:00,2021-06-27
The Fly,10:00:00,18:00:00,2020-04-10
Sledge Hammer,10:00:00,18:00:00,2021-06-23
Ghoster Coaster,12:00:00,20:00:00,2020-06-23
Leviathan,08:00:00:00:00,16:00:00,2020-11-02
Sledge Hammer,08:00:00:00:00,16:00:00,2021-07-12
The Bat,08:00:00:00:00,16:00:00,2021-06-12
Psyclone,08:00:00:00:00,16:00:00,2020-12-08
Psyclone,08:00:00:00:00,16:00:00,2021-09-17
Mighty Canadian Minebuster,12:00:00,20:00:00,2020-10-06
Leviathan,10:00:00,18:00:00,2020-11-27
Mighty Canadian Minebuster,12:00:00,20:00:00,2021-08-13
Leviathan,08:00:00:00:00,16:00:00,2020-03-09
Leviathan,08:00:00:00:00,16:00:00,2020-05-24
Dragon Fyre,10:00:00,18:00:00,2021-12-21
Sledge Hammer,08:00:00:00:00,16:00:00,2020-08-05
Behemoth,12:00:00,20:00:00,2020-02-20
Antique Carousel,10:00:00,18:00:00,2020-03-03
Flight Deck,12:00:00,20:00:00,2021-05-12
Psyclone,12:00:00,20:00:00,2020-06-02
Mighty Canadian Minebuster,08:00:00:00:00,16:00:00,2021-08-31
Dragon Fyre,10:00:00,18:00:00,2020-03-10
Ghoster Coaster,08:00:00:00:00,16:00:00,2021-06-26
Blast Off!,08:00:00:00:00,16:00:00,2020-04-17
The Fly,10:00:00,18:00:00,2020-12-16
Blast Off!,12:00:00,20:00:00,2021-11-26
Dragon Fyre,10:00:00,18:00:00,2020-08-04
Leviathan,12:00:00,20:00:00,2020-01-04
Psyclone,08:00:00:00:00,16:00:00,2021-09-07
Flight Deck,12:00:00,20:00:00,2020-04-12
Leviathan,10:00:00,18:00:00,2021-03-07
Blast Off!,10:00:00,18:00:00,2021-07-30
Blast Off!,10:00:00,18:00:00,2020-01-06
The Bat,08:00:00:00:00,16:00:00,2020-01-18
Dragon Fyre,12:00:00,20:00:00,2021-10-22
Sledge Hammer,08:00:00:00:00,16:00:00,2020-08-09
Dragon Fyre,08:00:00:00:00,16:00:00,2021-07-18
Antique Carousel,10:00:00,18:00:00,2020-12-13
Mighty Canadian Minebuster,08:00:00:00:00,16:00:00,2020-12-17
The Bat,12:00:00,20:00:00,2020-11-02
Blast Off!,12:00:00,20:00:00,2020-05-28
Ghoster Coaster,10:00:00,18:00:00,2021-05-16
Blast Off!,12:00:00,20:00:00,2021-07-03
Dragon Fyre,10:00:00,18:00:00,2021-08-02
Yukon Striker,12:00:00,20:00:00,2021-08-25
Flight Deck,12:00:00,20:00:00,2021-04-21
Flight Deck,10:00:00,18:00:00,2020-03-26
The Bat,08:00:00:00:00,16:00:00,2021-06-18
Flight Deck,08:00:00:00:00,16:00:00,2020-11-24
Leviathan,10:00:00,18:00:00,2021-11-29
Flight Deck,08:00:00:00:00,16:00:00,2021-02-27
Sledge Hammer,10:00:00,18:00:00,2021-09-24
Antique Carousel,10:00:00,18:00:00,2021-05-09
Sledge Hammer,12:00:00,20:00:00,2021-05-24
Mighty Canadian Minebuster,12:00:00,20:00:00,2021-01-03
Leviathan,10:00:00,18:00:00,2020-07-25
The Bat,08:00:00:00:00,16:00:00,2020-01-10
Psyclone,12:00:00,20:00:00,2020-09-25
Sledge Hammer,08:00:00:00:00,16:00:00,2020-10-25
Flight Deck,08:00:00:00:00,16:00:00,2021-11-04
Psyclone,10:00:00,18:00:00,2021-02-10
Flight Deck,08:00:00:00:00,16:00:00,2021-11-11
Leviathan,12:00:00,20:00:00,2020-10-01
Blast Off!,10:00:00,18:00:00,2021-02-05
The Bat,08:00:00:00:00,16:00:00,2020-09-28
Behemoth,10:00:00,18:00:00,2020-01-08
The Bat,08:00:00:00:00,16:00:00,2020-07-22
Leviathan,10:00:00,18:00:00,2020-10-11
Psyclone,08:00:00:00:00,16:00:00,2021-11-25
Leviathan,10:00:00,18:00:00,2021-02-02
Antique Carousel,08:00:00:00:00,16:00:00,2020-01-23
Flight Deck,08:00:00:00:00,16:00:00,2020-09-11
Flight Deck,12:00:00,20:00:00,2020-05-01
Blast Off!,10:00:00,18:00:00,2020-05-21
Antique Carousel,08:00:00:00:00,16:00:00,2021-02-19
Sledge Hammer,12:00:00,20:00:00,2021-03-07
Backlot Stunt Coaster,10:00:00,18:00:00,2020-12-14
The Bat,08:00:00:00:00,16:00:00,2021-04-08
Mighty Canadian Minebuster,12:00:00,20:00:00,2021-06-28
The Fly,10:00:00,18:00:00,2021-02-14
Sledge Hammer,12:00:00,20:00:00,2020-10-03
Flight Deck,12:00:00,20:00:00,2020-08-19
Mighty Canadian Minebuster,10:00:00,18:00:00,2020-08-30
Blast Off!,10:00:00,18:00:00,2021-10-13
The Fly,08:00:00:00:00,16:00:00,2021-11-30
Blast Off!,10:00:00,18:00:00,2020-01-29
Yukon Striker,12:00:00,20:00:00,2020-09-13
Behemoth,10:00:00,18:00:00,2020-11-18
Flight Deck,12:00:00,20:00:00,2021-10-11
Backlot Stunt Coaster,08:00:00:00:00,16:00:00,2020-03-26
Dragon Fyre,08:00:00:00:00,16:00:00,2020-06-24
Behemoth,10:00:00,18:00:00,2021-06-29
Shockwave,12:00:00,20:00:00,2020-07-19
Backlot Stunt Coaster,12:00:00,20:00:00,2020-03-18
Ghoster Coaster,12:00:00,20:00:00,2020-09-17
Ghoster Coaster,10:00:00,18:00:00,2020-12-11
Behemoth,08:00:00:00:00,16:00:00,2020-07-12
Ghoster Coaster,08:00:00:00:00,16:00:00,2020-11-04
The Fly,10:00:00,18:00:00,2021-05-06
Shockwave,12:00:00,20:00:00,2021-12-11
Blast Off!,12:00:00,20:00:00,2020-12-13
The Fly,08:00:00:00:00,16:00:00,2021-04-12
Shockwave,08:00:00:00:00,16:00:00,2021-03-08
The Bat,12:00:00,20:00:00,2021-02-12
Dragon Fyre,08:00:00:00:00,16:00:00,2021-09-02
Blast Off!,12:00:00,20:00:00,2021-02-28
Yukon Striker,10:00:00,18:00:00,2020-05-16
Mighty Canadian Minebuster,10:00:00,18:00:00,2021-01-09
Yukon Striker,10:00:00,18:00:00,2021-11-30
Antique Carousel,12:00:00,20:00:00,2021-11-12
Psyclone,08:00:00:00:00,16:00:00,2021-01-14
Yukon Striker,12:00:00,20:00:00,2021-06-19
Leviathan,12:00:00,20:00:00,2020-08-10
Dragon Fyre,12:00:00,20:00:00,2021-03-18
Shockwave,12:00:00,20:00:00,2020-08-11
The Bat,10:00:00,18:00:00,2021-11-24
Leviathan,12:00:00,20:00:00,2020-11-12
Mighty Canadian Minebuster,12:00:00,20:00:00,2020-08-29
Antique Carousel,12:00:00,20:00:00,2020-03-17
Psyclone,12:00:00,20:00:00,2021-06-30
Antique Carousel,12:00:00,20:00:00,2021-05-11
Antique Carousel,12:00:00,20:00:00,2020-07-24
Mighty Canadian Minebuster,08:00:00:00:00,16:00:00,2021-07-20
Flight Deck,10:00:00,18:00:00,2020-06-22
Leviathan,08:00:00:00:00,16:00:00,2021-09-05
Dragon Fyre,10:00:00,18:00:00,2021-02-28
Mighty Canadian Minebuster,08:00:00:00:00,16:00:00,2021-08-19
Ghoster Coaster,08:00:00:00:00,16:00:00,2021-12-02
Yukon Striker,12:00:00,20:00:00,2021-04-21
Shockwave,08:00:00:00:00,16:00:00,2021-01-24
Yukon Striker,12:00:00,20:00:00,2020-06-20
Mighty Canadian Minebuster,08:00:00:00:00,16:00:00,2020-09-09
Behemoth,08:00:00:00:00,16:00:00,2021-04-10
Backlot Stunt Coaster,10:00:00,18:00:00,2020-08-16
Backlot Stunt Coaster,10:00:00,18:00:00,2020-02-22
Backlot Stunt Coaster,10:00:00,18:00:00,2021-03-20
Behemoth,12:00:00,20:00:00,2020-04-06
Behemoth,12:00:00,20:00:00,2021-01-24
Psyclone,10:00:00,18:00:00,2021-08-03
Mighty Canadian Minebuster,08:00:00:00:00,16:00:00,2021-05-07
Backlot Stunt Coaster,12:00:00,20:00:00,2020-08-10
Backlot Stunt Coaster,08:00:00:00:00,16:00:00,2021-07-26
Behemoth,10:00:00,18:00:00,2020-07-17
The Fly,10:00:00,18:00:00,2021-12-08
Yukon Striker,10:00:00,18:00:00,2020-10-13
Shockwave,08:00:00:00:00,16:00:00,2021-04-02
Blast Off!,12:00:00,20:00:00,2021-05-31
Sledge Hammer,12:00:00,20:00:00,2021-08-26
Ghoster Coaster,08:00:00:00:00,16:00:00,2020-01-28
Dragon Fyre,12:00:00,20:00:00,2020-05-30
Behemoth,12:00:00,20:00:00,2020-09-06
Shockwave,08:00:00:00:00,16:00:00,2020-09-05
Flight Deck,10:00:00,18:00:00,2021-12-26
Mighty Canadian Minebuster,10:00:00,18:00:00,2020-05-21
Antique Carousel,10:00:00,18:00:00,2021-11-07
Mighty Canadian Minebuster,10:00:00,18:00:00,2021-05-27
The Bat,12:00:00,20:00:00,2021-04-15
Ghoster Coaster,10:00:00,18:00:00,2020-12-05
Yukon Striker,12:00:00,20:00:00,2020-04-16
Psyclone,08:00:00:00:00,16:00:00,2021-06-26
Leviathan,12:00:00,20:00:00,2021-02-18
Psyclone,10:00:00,18:00:00,2020-02-07
Yukon Striker,10:00:00,18:00:00,2021-05-19
Backlot Stunt Coaster,10:00:00,18:00:00,2020-04-03
The Fly,10:00:00,18:00:00,2021-04-21
Shockwave,12:00:00,20:00:00,2020-02-17
The Bat,12:00:00,20:00:00,2021-11-09
Flight Deck,08:00:00:00:00,16:00:00,2020-12-25
Leviathan,10:00:00,18:00:00,2021-11-26
Blast Off!,10:00:00,18:00:00,2021-09-03
Shockwave,12:00:00,20:00:00,2021-11-08
Ghoster Coaster,12:00:00,20:00:00,2021-12-26
Shockwave,10:00:00,18:00:00,2021-08-23
Psyclone,10:00:00,18:00:00,2021-03-07
Yukon Striker,12:00:00,20:00:00,2020-05-14
The Bat,12:00:00,20:00:00,2021-09-25
Mighty Canadian Minebuster,08:00:00:00:00,16:00:00,2020-08-05
Antique Carousel,08:00:00:00:00,16:00:00,2020-04-16
Backlot Stunt Coaster,08:00:00:00:00,16:00:00,2021-03-05
Sledge Hammer,10:00:00,18:00:00,2021-07-12
Dragon Fyre,10:00:00,18:00:00,2020-06-25
Shockwave,10:00:00,18:00:00,2020-05-12
Flight Deck,08:00:00:00:00,16:00:00,2020-01-25
The Bat,10:00:00,18:00:00,2021-09-08
Blast Off!,08:00:00:00:00,16:00:00,2021-07-28
Backlot Stunt Coaster,08:00:00:00:00,16:00:00,2020-04-15
Behemoth,08:00:00:00:00,16:00:00,2020-08-02
Backlot Stunt Coaster,12:00:00,20:00:00,2020-07-19
Shockwave,10:00:00,18:00:00,2020-02-10
Antique Carousel,08:00:00:00:00,16:00:00,2020-12-10
Ghoster Coaster,12:00:00,20:00:00,2021-11-17
Antique Carousel,08:00:00:00:00,16:00:00,2020-12-07
Behemoth,12:00:00,20:00:00,2020-10-18
Behemoth,08:00:00:00:00,16:00:00,2021-07-16
Sledge Hammer,12:00:00,20:00:00,2020-09-02
Antique Carousel,12:00:00,20:00:00,2021-03-24
Flight Deck,12:00:00,20:00:00,2021-06-03
The Fly,10:00:00,18:00:00,2021-12-19
The Bat,12:00:00,20:00:00,2020-02-03
Backlot Stunt Coaster,12:00:00,20:00:00,2020-09-01
The Fly,10:00:00,18:00:00,2020-02-01
Shockwave,12:00:00,20:00:00,2020-01-20
Behemoth,10:00:00,18:00:00,2020-05-01
Leviathan,10:00:00,18:00:00,2020-12-06
Backlot Stunt Coaster,12:00:00,20:00:00,2021-04-26
Shockwave,08:00:00:00:00,16:00:00,2021-04-19
Mighty Canadian Minebuster,08:00:00:00:00,16:00:00,2021-09-09
Behemoth,12:00:00,20:00:00,2021-07-01
The Fly,08:00:00:00:00,16:00:00,2020-01-27
Leviathan,10:00:00,18:00:00,2020-11-19
The Fly,10:00:00,18:00:00,2021-05-04
Leviathan,10:00:00,18:00:00,2020-05-15
Leviathan,12:00:00,20:00:00,2020-10-30
Yukon Striker,10:00:00,18:00:00,2020-11-11
Antique Carousel,08:00:00:00:00,16:00:00,2020-04-06
Dragon Fyre,10:00:00,18:00:00,2020-05-02
Shockwave,08:00:00:00:00,16:00:00,2020-11-09
Leviathan,08:00:00:00:00,16:00:00,2020-07-30
Mighty Canadian Minebuster,08:00:00:00:00,16:00:00,2020-12-31
Mighty Canadian Minebuster,12:00:00,20:00:00,2020-12-21
Blast Off!,08:00:00:00:00,16:00:00,2020-04-04
Sledge Hammer,12:00:00,20:00:00,2020-05-05
Leviathan,08:00:00:00:00,16:00:00,2020-06-01
Yukon Striker,08:00:00:00:00,16:00:00,2020-01-07
The Bat,10:00:00,18:00:00,2021-08-28
Flight Deck,12:00:00,20:00:00,2020-02-02
Blast Off!,10:00:00,18:00:00,2020-03-29
The Fly,10:00:00,18:00:00,2021-10-29
Antique Carousel,08:00:00:00:00,16:00:00,2021-08-20
Psyclone,08:00:00:00:00,16:00:00,2021-02-14
Shockwave,10:00:00,18:00:00,2021-12-12
Leviathan,10:00:00,18:00:00,2020-07-09
Dragon Fyre,12:00:00,20:00:00,2021-04-12
Yukon Striker,08:00:00:00:00,16:00:00,2020-10-19
Backlot Stunt Coaster,10:00:00,18:00:00,2020-07-31
Ghoster Coaster,08:00:00:00:00,16:00:00,2020-12-17
Antique Carousel,10:00:00,18:00:00,2021-07-15
Mighty Canadian Minebuster,12:00:00,20:00:00,2020-05-12
Blast Off!,10:00:00,18:00:00,2021-01-05
Antique Carousel,10:00:00,18:00:00,2021-06-11
Leviathan,08:00:00:00:00,16:00:00,2021-11-18
Ghoster Coaster,10:00:00,18:00:00,2021-12-22
Blast Off!,12:00:00,20:00:00,2020-06-11
The Bat,10:00:00,18:00:00,2020-09-28
Sledge Hammer,12:00:00,20:00:00,2020-01-25
Flight Deck,10:00:00,18:00:00,2020-05-09
Ghoster Coaster,10:00:00,18:00:00,2020-05-05
Flight Deck,12:00:00,20:00:00,2020-12-24
Dragon Fyre,10:00:00,18:00:00,2020-09-17
Blast Off!,10:00:00,18:00:00,2020-02-07
Backlot Stunt Coaster,10:00:00,18:00:00,2020-10-15
Sledge Hammer,08:00:00:00:00,16:00:00,2021-10-31
The Bat,12:00:00,20:00:00,2021-05-03
Backlot Stunt Coaster,08:00:00:00:00,16:00:00,2021-11-07
Sledge Hammer,10:00:00,18:00:00,2021-07-24
Sledge Hammer,10:00:00,18:00:00,2021-06-19
Mighty Canadian Minebuster,10:00:00,18:00:00,2020-01-23
Yukon Striker,10:00:00,18:00:00,2020-02-02
Antique Carousel,08:00:00:00:00,16:00:00,2020-07-23
Psyclone,08:00:00:00:00,16:00:00,2021-04-06
Behemoth,10:00:00,18:00:00,2020-01-18
Psyclone,12:00:00,20:00:00,2021-07-14
Psyclone,12:00:00,20:00:00,2021-10-18
Yukon Striker,08:00:00:00:00,16:00:00,2021-10-15
Shockwave,12:00:00,20:00:00,2021-10-06
Blast Off!,08:00:00:00:00,16:00:00,2021-12-21
Behemoth,12:00:00,20:00:00,2020-06-01
Behemoth,12:00:00,20:00:00,2021-04-21
Psyclone,10:00:00,18:00:00,2021-05-10
The Fly,08:00:00:00:00,16:00:00,2020-06-04
Blast Off!,08:00:00:00:00,16:00:00,2020-09-12
Antique Carousel,10:00:00,18:00:00,2021-09-01
Dragon Fyre,08:00:00:00:00,16:00:00,2021-08-01
Flight Deck,12:00:00,20:00:00,2020-09-24
Shockwave,10:00:00,18:00:00,2021-05-27
Sledge Hammer,12:00:00,20:00:00,2021-10-08
Leviathan,08:00:00:00:00,16:00:00,2020-12-20
Behemoth,12:00:00,20:00:00,2020-12-21
Antique Carousel,10:00:00,18:00:00,2020-01-15
Antique Carousel,10:00:00,18:00:00,2021-02-18
Behemoth,12:00:00,20:00:00,2021-06-05
Shockwave,10:00:00,18:00:00,2020-05-02
Antique Carousel,12:00:00,20:00:00,2021-04-09
Sledge Hammer,12:00:00,20:00:00,2021-07-23
The Bat,10:00:00,18:00:00,2020-12-06
Shockwave,10:00:00,18:00:00,2020-11-20
Psyclone,12:00:00,20:00:00,2020-10-30
Blast Off!,12:00:00,20:00:00,2020-11-28
Sledge Hammer,08:00:00:00:00,16:00:00,2021-07-13
Blast Off!,12:00:00,20:00:00,2021-02-16
Mighty Canadian Minebuster,08:00:00:00:00,16:00:00,2020-10-06
Yukon Striker,10:00:00,18:00:00,2021-05-31
Flight Deck,12:00:00,20:00:00,2021-07-24
Mighty Canadian Minebuster,12:00:00,20:00:00,2020-10-19
Sledge Hammer,08:00:00:00:00,16:00:00,2020-03-21
Blast Off!,12:00:00,20:00:00,2020-05-20
Dragon Fyre,12:00:00,20:00:00,2021-02-19
Backlot Stunt Coaster,12:00:00,20:00:00,2021-05-21
Mighty Canadian Minebuster,12:00:00,20:00:00,2020-09-25
Backlot Stunt Coaster,10:00:00,18:00:00,2020-10-21
Shockwave,12:00:00,20:00:00,2021-07-05
Yukon Striker,12:00:00,20:00:00,2021-12-15
Backlot Stunt Coaster,10:00:00,18:00:00,2020-11-02
Sledge Hammer,12:00:00,20:00:00,2021-07-01
Backlot Stunt Coaster,12:00:00,20:00:00,2021-09-10
Psyclone,12:00:00,20:00:00,2021-02-24
Antique Carousel,12:00:00,20:00:00,2021-10-04
Flight Deck,08:00:00:00:00,16:00:00,2021-08-24
Dragon Fyre,12:00:00,20:00:00,2020-07-30
Sledge Hammer,08:00:00:00:00,16:00:00,2021-04-12
Psyclone,12:00:00,20:00:00,2020-10-19
Dragon Fyre,10:00:00,18:00:00,2020-12-03
Antique Carousel,10:00:00,18:00:00,2020-12-06
Mighty Canadian Minebuster,12:00:00,20:00:00,2021-06-24
Behemoth,12:00:00,20:00:00,2021-04-29
Mighty Canadian Minebuster,10:00:00,18:00:00,2020-07-20
Mighty Canadian Minebuster,12:00:00,20:00:00,2021-04-01
Psyclone,12:00:00,20:00:00,2021-09-13
Backlot Stunt Coaster,12:00:00,20:00:00,2020-07-29
The Bat,10:00:00,18:00:00,2021-06-30
Flight Deck,10:00:00,18:00:00,2021-08-16
Yukon Striker,08:00:00:00:00,16:00:00,2021-08-28
Yukon Striker,12:00:00,20:00:00,2021-02-07
Flight Deck,10:00:00,18:00:00,2020-01-13
Blast Off!,10:00:00,18:00:00,2021-10-08
Backlot Stunt Coaster,08:00:00:00:00,16:00:00,2020-11-04
Sledge Hammer,08:00:00:00:00,16:00:00,2021-07-22
Blast Off!,12:00:00,20:00:00,2020-09-28
Yukon Striker,08:00:00:00:00,16:00:00,2020-02-16
Dragon Fyre,10:00:00,18:00:00,2020-01-27
Psyclone,10:00:00,18:00:00,2021-12-07
Yukon Striker,10:00:00,18:00:00,2021-12-18
The Bat,10:00:00,18:00:00,2020-08-14
Mighty Canadian Minebuster,12:00:00,20:00:00,2020-02-07
Leviathan,12:00:00,20:00:00,2021-05-22
Behemoth,10:00:00,18:00:00,2020-07-01
Ghoster Coaster,10:00:00,18:00:00,2021-04-26
Yukon Striker,12:00:00,20:00:00,2020-03-04
Flight Deck,08:00:00:00:00,16:00:00,2020-03-14
Dragon Fyre,10:00:00,18:00:00,2021-03-15
Behemoth,10:00:00,18:00:00,2021-06-29
Psyclone,12:00:00,20:00:00,2021-07-01
Mighty Canadian Minebuster,10:00:00,18:00:00,2020-03-27
Shockwave,08:00:00:00:00,16:00:00,2021-11-04
Shockwave,08:00:00:00:00,16:00:00,2020-01-15
Backlot Stunt Coaster,12:00:00,20:00:00,2021-04-06
The Bat,10:00:00,18:00:00,2021-09-28
Leviathan,12:00:00,20:00:00,2021-09-17
Shockwave,12:00:00,20:00:00,2020-03-15
Flight Deck,12:00:00,20:00:00,2020-12-23
Leviathan,12:00:00,20:00:00,2021-05-03
Blast Off!,12:00:00,20:00:00,2021-02-02
Yukon Striker,08:00:00:00:00,16:00:00,2020-07-25
Yukon Striker,08:00:00:00:00,16:00:00,2021-04-30
The Bat,12:00:00,20:00:00,2020-02-23
Flight Deck,12:00:00,20:00:00,2021-06-12
Flight Deck,10:00:00,18:00:00,2021-10-16
Psyclone,10:00:00,18:00:00,2020-06-23
Flight Deck,08:00:00:00:00,16:00:00,2020-10-20
Flight Deck,10:00:00,18:00:00,2020-03-03
Flight Deck,10:00:00,18:00:00,2020-07-20
Ghoster Coaster,12:00:00,20:00:00,2021-01-03
Ghoster Coaster,08:00:00:00:00,16:00:00,2021-05-13
Psyclone,12:00:00,20:00:00,2020-07-15
Backlot Stunt Coaster,10:00:00,18:00:00,2021-09-02
Sledge Hammer,10:00:00,18:00:00,2021-08-25
The Bat,08:00:00:00:00,16:00:00,2020-04-27
The Bat,12:00:00,20:00:00,2021-08-20
The Fly,10:00:00,18:00:00,2020-09-29
Leviathan,08:00:00:00:00,16:00:00,2020-04-26
The Fly,10:00:00,18:00:00,2020-01-01
Psyclone,12:00:00,20:00:00,2020-11-11
Behemoth,10:00:00,18:00:00,2021-06-20
Yukon Striker,08:00:00:00:00,16:00:00,2020-10-29
Yukon Striker,10:00:00,18:00:00,2020-07-08
Psyclone,08:00:00:00:00,16:00:00,2021-02-03
Psyclone,10:00:00,18:00:00,2021-06-28
Yukon Striker,12:00:00,20:00:00,2021-12-18
Sledge Hammer,12:00:00,20:00:00,2020-02-26
Dragon Fyre,10:00:00,18:00:00,2020-01-27
Blast Off!,10:00:00,18:00:00,2021-03-01
Sledge Hammer,12:00:00,20:00:00,2021-04-18
Shockwave,12:00:00,20:00:00,2020-12-24
Behemoth,12:00:00,20:00:00,2020-10-03
Flight Deck,12:00:00,20:00:00,2021-08-26
The Fly,08:00:00:00:00,16:00:00,2020-10-27
Backlot Stunt Coaster,12:00:00,20:00:00,2021-01-11
The Bat,10:00:00,18:00:00,2021-02-18
Psyclone,12:00:00,20:00:00,2021-01-18
The Fly,12:00:00,20:00:00,2021-07-12
Sledge Hammer,08:00:00:00:00,16:00:00,2020-07-24
Leviathan,12:00:00,20:00:00,2020-10-17
Antique Carousel,08:00:00:00:00,16:00:00,2021-10-02
Leviathan,12:00:00,20:00:00,2020-03-11
Antique Carousel,08:00:00:00:00,16:00:00,2020-04-04
Psyclone,08:00:00:00:00,16:00:00,2020-07-26
Yukon Striker,08:00:00:00:00,16:00:00,2021-06-04
Ghoster Coaster,08:00:00:00:00,16:00:00,2020-12-26
Backlot Stunt Coaster,10:00:00,18:00:00,2020-03-26
Psyclone,10:00:00,18:00:00,2021-11-28
Sledge Hammer,12:00:00,20:00:00,2020-08-18
Behemoth,10:00:00,18:00:00,2020-10-09
Antique Carousel,12:00:00,20:00:00,2021-02-26
Dragon Fyre,08:00:00:00:00,16:00:00,2021-12-21
Flight Deck,08:00:00:00:00,16:00:00,2020-11-07
Shockwave,10:00:00,18:00:00,2021-03-21
Shockwave,08:00:00:00:00,16:00:00,2020-07-08
Blast Off!,10:00:00,18:00:00,2021-05-22
Psyclone,08:00:00:00:00,16:00:00,2021-02-10
Behemoth,10:00:00,18:00:00,2020-08-14
Flight Deck,08:00:00:00:00,16:00:00,2021-07-03
Yukon Striker,10:00:00,18:00:00,2020-04-27
Behemoth,08:00:00:00:00,16:00:00,2020-04-06
Mighty Canadian Minebuster,10:00:00,18:00:00,2020-07-07
Yukon Striker,08:00:00:00:00,16:00:00,2020-05-30
Antique Carousel,10:00:00,18:00:00,2021-10-10
Ghoster Coaster,10:00:00,18:00:00,2020-01-08
Behemoth,10:00:00,18:00:00,2020-09-10
Yukon Striker,10:00:00,18:00:00,2020-07-01
The Fly,08:00:00:00:00,16:00:00,2020-09-15
Yukon Striker,12:00:00,20:00:00,2021-06-22
Mighty Canadian Minebuster,12:00:00,20:00:00,2021-05-09
Flight Deck,08:00:00:00:00,16:00:00,2021-10-07
Backlot Stunt Coaster,12:00:00,20:00:00,2020-06-12
Flight Deck,08:00:00:00:00,16:00:00,2020-08-11
Dragon Fyre,10:00:00,18:00:00,2020-03-24
Leviathan,08:00:00:00:00,16:00:00,2020-03-09
Flight Deck,12:00:00,20:00:00,2020-11-11
Ghoster Coaster,10:00:00,18:00:00,2020-06-01
Sledge Hammer,12:00:00,20:00:00,2020-04-23
Shockwave,12:00:00,20:00:00,2021-01-31
The Bat,08:00:00:00:00,16:00:00,2020-12-26
Flight Deck,12:00:00,20:00:00,2020-12-07
Yukon Striker,12:00:00,20:00:00,2020-03-21
Psyclone,08:00:00:00:00,16:00:00,2020-05-02
Shockwave,10:00:00,18:00:00,2021-03-25
Behemoth,12:00:00,20:00:00,2020-09-09
The Bat,10:00:00,18:00:00,2020-10-07
Mighty Canadian Minebuster,08:00:00:00:00,16:00:00,2021-01-23
Dragon Fyre,12:00:00,20:00:00,2021-11-02
Psyclone,08:00:00:00:00,16:00:00,2020-11-03
Shockwave,10:00:00,18:00:00,2021-10-13
Flight Deck,10:00:00,18:00:00,2020-01-09
Yukon Striker,10:00:00,18:00:00,2020-10-15
Antique Carousel,10:00:00,18:00:00,2021-11-28
Blast Off!,12:00:00,20:00:00,2021-12-14
The Fly,10:00:00,18:00:00,2021-07-30
Mighty Canadian Minebuster,08:00:00:00:00,16:00:00,2021-09-17
Behemoth,12:00:00,20:00:00,2021-02-11
Leviathan,12:00:00,20:00:00,2020-04-02
Backlot Stunt Coaster,10:00:00,18:00:00,2020-11-19
Dragon Fyre,10:00:00,18:00:00,2021-06-16
Dragon Fyre,12:00:00,20:00:00,2020-05-04
The Bat,10:00:00,18:00:00,2020-09-08
Psyclone,08:00:00:00:00,16:00:00,2021-08-29
Flight Deck,12:00:00,20:00:00,2020-04-03
Shockwave,08:00:00:00:00,16:00:00,2020-06-09
Yukon Striker,08:00:00:00:00,16:00:00,2021-02-20
Dragon Fyre,10:00:00,18:00:00,2021-08-13
Mighty Canadian Minebuster,12:00:00,20:00:00,2020-03-16
Yukon Striker,10:00:00,18:00:00,2020-12-07
Backlot Stunt Coaster,08:00:00:00:00,16:00:00,2021-09-19
Sledge Hammer,10:00:00,18:00:00,2020-06-16
Psyclone,10:00:00,18:00:00,2020-09-01
Yukon Striker,12:00:00,20:00:00,2020-12-11
Ghoster Coaster,10:00:00,18:00:00,2021-10-16
Shockwave,10:00:00,18:00:00,2021-10-22
Yukon Striker,12:00:00,20:00:00,2020-09-08
The Fly,10:00:00,18:00:00,2021-11-11
Sledge Hammer,12:00:00,20:00:00,2020-01-14
Yukon Striker,10:00:00,18:00:00,2021-06-21
Dragon Fyre,08:00:00:00:00,16:00:00,2020-02-18
Blast Off!,12:00:00,20:00:00,2021-08-17
Dragon Fyre,12:00:00,20:00:00,2020-09-07
Blast Off!,08:00:00:00:00,16:00:00,2021-03-24
Flight Deck,08:00:00:00:00,16:00:00,2021-01-10
The Bat,12:00:00,20:00:00,2021-09-05
Ghoster Coaster,08:00:00:00:00,16:00:00,2020-04-15
Ghoster Coaster,08:00:00:00:00,16:00:00,2020-08-28
Behemoth,12:00:00,20:00:00,2021-08-28
Mighty Canadian Minebuster,10:00:00,18:00:00,2020-11-05
Dragon Fyre,12:00:00,20:00:00,2021-07-05
Sledge Hammer,08:00:00:00:00,16:00:00,2021-08-11
Psyclone,08:00:00:00:00,16:00:00,2020-06-27
Dragon Fyre,10:00:00,18:00:00,2021-07-25
Flight Deck,10:00:00,18:00:00,2021-10-04
The Fly,10:00:00,18:00:00,2021-09-13
Psyclone,08:00:00:00:00,16:00:00,2021-08-23
Flight Deck,08:00:00:00:00,16:00:00,2020-11-06
Psyclone,10:00:00,18:00:00,2020-07-11
Yukon Striker,12:00:00,20:00:00,2020-10-01
Shockwave,12:00:00,20:00:00,2020-08-06
Ghoster Coaster,12:00:00,20:00:00,2021-04-08
Behemoth,10:00:00,18:00:00,2021-11-26
Leviathan,10:00:00,18:00:00,2021-10-12
Shockwave,10:00:00,18:00:00,2021-09-09
Ghoster Coaster,10:00:00,18:00:00,2020-12-10
Antique Carousel,12:00:00,20:00:00,2021-01-05
Flight Deck,10:00:00,18:00:00,2021-11-27
Shockwave,10:00:00,18:00:00,2020-01-25
Sledge Hammer,10:00:00,18:00:00,2020-07-29
Ghoster Coaster,10:00:00,18:00:00,2020-01-10
The Fly,08:00:00:00:00,16:00:00,2020-02-06
Dragon Fyre,12:00:00,20:00:00,2020-07-06
Yukon Striker,10:00:00,18:00:00,2021-01-27
Psyclone,12:00:00,20:00:00,2021-05-06
Behemoth,12:00:00,20:00:00,2020-01-18
Backlot Stunt Coaster,08:00:00:00:00,16:00:00,2020-12-08
Behemoth,08:00:00:00:00,16:00:00,2020-06-13
Shockwave,12:00:00,20:00:00,2020-09-11
Ghoster Coaster,10:00:00,18:00:00,2020-04-10
Leviathan,08:00:00:00:00,16:00:00,2021-09-06
Sledge Hammer,08:00:00:00:00,16:00:00,2020-06-07
Leviathan,08:00:00:00:00,16:00:00,2021-04-14
Leviathan,08:00:00:00:00,16:00:00,2021-10-04
Sledge Hammer,08:00:00:00:00,16:00:00,2020-12-27
Leviathan,10:00:00,18:00:00,2021-09-22
Yukon Striker,08:00:00:00:00,16:00:00,2021-11-20
Behemoth,10:00:00,18:00:00,2021-09-21
Sledge Hammer,12:00:00,20:00:00,2021-08-06
Sledge Hammer,12:00:00,20:00:00,2021-05-08
Dragon Fyre,08:00:00:00:00,16:00:00,2020-07-08
Shockwave,10:00:00,18:00:00,2021-07-19
Yukon Striker,08:00:00:00:00,16:00:00,2021-11-29
Mighty Canadian Minebuster,12:00:00,20:00:00,2020-05-24
Blast Off!,08:00:00:00:00,16:00:00,2021-10-14
Shockwave,08:00:00:00:00,16:00:00,2021-04-17
Behemoth,10:00:00,18:00:00,2020-10-02
Behemoth,10:00:00,18:00:00,2021-01-18
Backlot Stunt Coaster,10:00:00,18:00:00,2020-03-20
Yukon Striker,08:00:00:00:00,16:00:00,2020-06-14
Flight Deck,10:00:00,18:00:00,2021-02-04
Sledge Hammer,10:00:00,18:00:00,2020-06-20
The Bat,08:00:00:00:00,16:00:00,2021-04-12
Backlot Stunt Coaster,10:00:00,18:00:00,2021-03-13
The Bat,10:00:00,18:00:00,2021-07-27
Psyclone,10:00:00,18:00:00,2020-08-20
Shockwave,12:00:00,20:00:00,2020-04-20
Shockwave,08:00:00:00:00,16:00:00,2021-06-14
The Fly,08:00:00:00:00,16:00:00,2021-08-13
Sledge Hammer,10:00:00,18:00:00,2020-09-07
Dragon Fyre,10:00:00,18:00:00,2021-08-09
Flight Deck,10:00:00,18:00:00,2021-02-27
Sledge Hammer,08:00:00:00:00,16:00:00,2020-07-10
Antique Carousel,08:00:00:00:00,16:00:00,2021-04-11
Flight Deck,10:00:00,18:00:00,2020-10-23
Sledge Hammer,08:00:00:00:00,16:00:00,2021-05-22
The Bat,10:00:00,18:00:00,2020-05-28
The Fly,10:00:00,18:00:00,2020-07-16
Dragon Fyre,08:00:00:00:00,16:00:00,2021-02-20
Psyclone,08:00:00:00:00,16:00:00,2020-09-12
Blast Off!,08:00:00:00:00,16:00:00,2021-06-27
The Fly,12:00:00,20:00:00,2021-03-19
Shockwave,12:00:00,20:00:00,2021-12-24
Behemoth,10:00:00,18:00:00,2021-11-24
Sledge Hammer,08:00:00:00:00,16:00:00,2020-02-20
Blast Off!,08:00:00:00:00,16:00:00,2021-10-07
Flight Deck,08:00:00:00:00,16:00:00,2021-08-14
Psyclone,10:00:00,18:00:00,2021-01-05
Dragon Fyre,10:00:00,18:00:00,2020-08-21
Shockwave,12:00:00,20:00:00,2021-04-12
Mighty Canadian Minebuster,12:00:00,20:00:00,2021-08-14
Dragon Fyre,12:00:00,20:00:00,2021-05-27
The Fly,10:00:00,18:00:00,2020-06-27
Yukon Striker,12:00:00,20:00:00,2021-10-26
Backlot Stunt Coaster,10:00:00,18:00:00,2020-08-10
Yukon Striker,10:00:00,18:00:00,2020-11-06
The Fly,10:00:00,18:00:00,2020-07-09
Leviathan,08:00:00:00:00,16:00:00,2021-06-12
Dragon Fyre,08:00:00:00:00,16:00:00,2020-04-30
Dragon Fyre,10:00:00,18:00:00,2021-02-22
Ghoster Coaster,10:00:00,18:00:00,2020-06-21
Dragon Fyre,08:00:00:00:00,16:00:00,2020-07-02
Blast Off!,12:00:00,20:00:00,2020-09-09
Ghoster Coaster,12:00:00,20:00:00,2020-10-16
Leviathan,10:00:00,18:00:00,2021-09-17
Shockwave,10:00:00,18:00:00,2021-04-17
Backlot Stunt Coaster,08:00:00:00:00,16:00:00,2021-10-03
Sledge Hammer,12:00:00,20:00:00,2021-06-07
Sledge Hammer,10:00:00,18:00:00,2020-11-20
Psyclone,12:00:00,20:00:00,2020-04-26
Dragon Fyre,08:00:00:00:00,16:00:00,2020-08-09
Psyclone,12:00:00,20:00:00,2020-10-11
The Fly,08:00:00:00:00,16:00:00,2021-10-09
Backlot Stunt Coaster,10:00:00,18:00:00,2020-10-28
Mighty Canadian Minebuster,12:00:00,20:00:00,2021-11-12
Shockwave,08:00:00:00:00,16:00:00,2020-07-07
Backlot Stunt Coaster,08:00:00:00:00,16:00:00,2021-10-01
Behemoth,12:00:00,20:00:00,2021-03-24
Mighty Canadian Minebuster,10:00:00,18:00:00,2021-10-16
Sledge Hammer,08:00:00:00:00,16:00:00,2020-12-27
Ghoster Coaster,10:00:00,18:00:00,2021-08-31
Backlot Stunt Coaster,12:00:00,20:00:00,2020-10-06
Mighty Canadian Minebuster,10:00:00,18:00:00,2020-06-02
Flight Deck,10:00:00,18:00:00,2021-02-22
Blast Off!,08:00:00:00:00,16:00:00,2021-04-25
Backlot Stunt Coaster,12:00:00,20:00:00,2021-03-07
Backlot Stunt Coaster,10:00:00,18:00:00,2021-02-17
Sledge Hammer,08:00:00:00:00,16:00:00,2021-11-25
Behemoth,10:00:00,18:00:00,2020-10-16
Blast Off!,08:00:00:00:00,16:00:00,2020-01-21
Sledge Hammer,08:00:00:00:00,16:00:00,2021-07-07
The Bat,12:00:00,20:00:00,2020-12-08
Behemoth,10:00:00,18:00:00,2020-12-29
Antique Carousel,12:00:00,20:00:00,2020-09-14
Shockwave,12:00:00,20:00:00,2021-08-11
Ghoster Coaster,12:00:00,20:00:00,2021-07-28
Mighty Canadian Minebuster,10:00:00,18:00:00,2020-12-04
Yukon Striker,10:00:00,18:00:00,2021-02-06
Flight Deck,10:00:00,18:00:00,2020-11-09
Backlot Stunt Coaster,08:00:00:00:00,16:00:00,2020-09-07
Leviathan,10:00:00,18:00:00,2021-11-15
Mighty Canadian Minebuster,08:00:00:00:00,16:00:00,2020-10-26
The Fly,10:00:00,18:00:00,2021-01-23
Backlot Stunt Coaster,12:00:00,20:00:00,2021-04-25
Leviathan,10:00:00,18:00:00,2020-12-21
Behemoth,12:00:00,20:00:00,2021-06-04
Backlot Stunt Coaster,12:00:00,20:00:00,2020-12-30
Flight Deck,08:00:00:00:00,16:00:00,2021-10-19
Mighty Canadian Minebuster,12:00:00,20:00:00,2020-12-29
Ghoster Coaster,10:00:00,18:00:00,2020-02-14
The Bat,10:00:00,18:00:00,2020-03-25
Sledge Hammer,10:00:00,18:00:00,2021-05-31
Mighty Canadian Minebuster,12:00:00,20:00:00,2020-07-07
The Bat,08:00:00:00:00,16:00:00,2020-02-20
Backlot Stunt Coaster,12:00:00,20:00:00,2021-11-13
Blast Off!,08:00:00:00:00,16:00:00,2020-01-07
Dragon Fyre,12:00:00,20:00:00,2021-10-31
Backlot Stunt Coaster,08:00:00:00:00,16:00:00,2020-11-15
Flight Deck,08:00:00:00:00,16:00:00,2020-09-21
Flight Deck,10:00:00,18:00:00,2020-08-07
Sledge Hammer,08:00:00:00:00,16:00:00,2020-06-11
Sledge Hammer,08:00:00:00:00,16:00:00,2020-02-13
The Fly,10:00:00,18:00:00,2020-05-30
Flight Deck,12:00:00,20:00:00,2020-10-24
Backlot Stunt Coaster,10:00:00,18:00:00,2021-12-06
Dragon Fyre,08:00:00:00:00,16:00:00,2021-01-19
Dragon Fyre,08:00:00:00:00,16:00:00,2021-12-27
The Fly,10:00:00,18:00:00,2021-11-25
Antique Carousel,12:00:00,20:00:00,2020-01-01
Sledge Hammer,10:00:00,18:00:00,2020-04-10
The Fly,12:00:00,20:00:00,2020-07-01
Flight Deck,10:00:00,18:00:00,2021-07-24
Psyclone,08:00:00:00:00,16:00:00,2020-09-11
Mighty Canadian Minebuster,08:00:00:00:00,16:00:00,2020-03-24
Shockwave,12:00:00,20:00:00,2021-05-19
Yukon Striker,12:00:00,20:00:00,2020-01-24
The Fly,10:00:00,18:00:00,2021-09-27
Flight Deck,10:00:00,18:00:00,2020-09-05
Mighty Canadian Minebuster,08:00:00:00:00,16:00:00,2020-09-10
Psyclone,12:00:00,20:00:00,2020-09-06
Leviathan,12:00:00,20:00:00,2021-09-25
Backlot Stunt Coaster,08:00:00:00:00,16:00:00,2020-07-17
Sledge Hammer,08:00:00:00:00,16:00:00,2021-06-27
Mighty Canadian Minebuster,12:00:00,20:00:00,2021-09-30
Ghoster Coaster,10:00:00,18:00:00,2020-05-04
Ghoster Coaster,10:00:00,18:00:00,2021-09-11
Yukon Striker,12:00:00,20:00:00,2020-01-18
Leviathan,08:00:00:00:00,16:00:00,2020-09-13
Behemoth,08:00:00:00:00,16:00:00,2021-06-01
Mighty Canadian Minebuster,12:00:00,20:00:00,2021-02-01
The Bat,10:00:00,18:00:00,2020-08-10
Shockwave,10:00:00,18:00:00,2021-03-12
Psyclone,08:00:00:00:00,16:00:00,2021-11-23
Backlot Stunt Coaster,10:00:00,18:00:00,2021-09-24
Sledge Hammer,08:00:00:00:00,16:00:00,2020-09-30
Psyclone,08:00:00:00:00,16:00:00,2020-10-20
The Bat,10:00:00,18:00:00,2020-05-31
Backlot Stunt Coaster,08:00:00:00:00,16:00:00,2020-02-02
Leviathan,08:00:00:00:00,16:00:00,2021-04-14
Leviathan,10:00:00,18:00:00,2020-05-13
Behemoth,12:00:00,20:00:00,2020-01-09
Sledge Hammer,12:00:00,20:00:00,2021-09-04
Psyclone,12:00:00,20:00:00,2020-08-02
Behemoth,10:00:00,18:00:00,2021-07-06
Dragon Fyre,08:00:00:00:00,16:00:00,2020-08-19
Shockwave,12:00:00,20:00:00,2020-11-28
Backlot Stunt Coaster,10:00:00,18:00:00,2020-10-31
Mighty Canadian Minebuster,10:00:00,18:00:00,2020-04-07
Backlot Stunt Coaster,08:00:00:00:00,16:00:00,2020-09-16
Yukon Striker,10:00:00,18:00:00,2021-02-09
Blast Off!,10:00:00,18:00:00,2021-04-05
Dragon Fyre,08:00:00:00:00,16:00:00,2021-01-01
Shockwave,08:00:00:00:00,16:00:00,2021-05-12
Leviathan,08:00:00:00:00,16:00:00,2021-01-04
Yukon Striker,12:00:00,20:00:00,2021-05-19
Leviathan,12:00:00,20:00:00,2021-02-05
Backlot Stunt Coaster,12:00:00,20:00:00,2021-02-11
Sledge Hammer,12:00:00,20:00:00,2021-09-27
Mighty Canadian Minebuster,10:00:00,18:00:00,2020-08-02
Antique Carousel,08:00:00:00:00,16:00:00,2020-09-19
Sledge Hammer,08:00:00:00:00,16:00:00,2021-05-13
Behemoth,12:00:00,20:00:00,2021-08-25
Dragon Fyre,08:00:00:00:00,16:00:00,2020-11-22
Dragon Fyre,12:00:00,20:00:00,2021-07-21
Yukon Striker,12:00:00,20:00:00,2020-01-08
Yukon Striker,10:00:00,18:00:00,2020-06-13
Dragon Fyre,08:00:00:00:00,16:00:00,2020-04-03
Shockwave,12:00:00,20:00:00,2020-07-24
Psyclone,12:00:00,20:00:00,2020-01-12
Leviathan,12:00:00,20:00:00,2021-02-28
Sledge Hammer,12:00:00,20:00:00,2020-03-09
Leviathan,12:00:00,20:00:00,2020-10-08
Sledge Hammer,10:00:00,18:00:00,2021-02-23
Dragon Fyre,10:00:00,18:00:00,2021-09-29
Blast Off!,12:00:00,20:00:00,2020-12-15
Flight Deck,10:00:00,18:00:00,2021-03-02
Backlot Stunt Coaster,10:00:00,18:00:00,2020-03-17
Mighty Canadian Minebuster,10:00:00,18:00:00,2020-03-15
Ghoster Coaster,12:00:00,20:00:00,2020-03-04
Yukon Striker,12:00:00,20:00:00,2020-02-02
The Bat,10:00:00,18:00:00,2020-06-23
Backlot Stunt Coaster,10:00:00,18:00:00,2020-07-16
Backlot Stunt Coaster,08:00:00:00:00,16:00:00,2020-01-20
The Fly,08:00:00:00:00,16:00:00,2020-05-31
The Bat,08:00:00:00:00,16:00:00,2021-06-11
Shockwave,12:00:00,20:00:00,2021-05-28
Flight Deck,12:00:00,20:00:00,2021-07-06
Backlot Stunt Coaster,10:00:00,18:00:00,2021-06-07
Behemoth,10:00:00,18:00:00,2021-07-05
Leviathan,10:00:00,18:00:00,2021-08-07
Backlot Stunt Coaster,12:00:00,20:00:00,2021-05-21
Antique Carousel,10:00:00,18:00:00,2021-07-10
Flight Deck,08:00:00:00:00,16:00:00,2021-03-25
Ghoster Coaster,08:00:00:00:00,16:00:00,2020-01-20
Leviathan,08:00:00:00:00,16:00:00,2021-03-31
Ghoster Coaster,08:00:00:00:00,16:00:00,2021-01-03
Blast Off!,10:00:00,18:00:00,2021-11-25
Blast Off!,12:00:00,20:00:00,2020-11-12
The Bat,12:00:00,20:00:00,2020-03-18
Backlot Stunt Coaster,08:00:00:00:00,16:00:00,2020-06-30
Antique Carousel,10:00:00,18:00:00,2020-07-15
Mighty Canadian Minebuster,10:00:00,18:00:00,2021-04-05
Psyclone,10:00:00,18:00:00,2020-01-30
The Bat,12:00:00,20:00:00,2021-07-02
Flight Deck,08:00:00:00:00,16:00:00,2020-04-30
Antique Carousel,08:00:00:00:00,16:00:00,2020-01-19
Backlot Stunt Coaster,10:00:00,18:00:00,2020-10-19
Blast Off!,10:00:00,18:00:00,2020-04-29
Ghoster Coaster,10:00:00,18:00:00,2021-01-16
The Bat,08:00:00:00:00,16:00:00,2020-09-25
Antique Carousel,12:00:00,20:00:00,2020-10-16
Blast Off!,08:00:00:00:00,16:00:00,2021-12-09
Psyclone,10:00:00,18:00:00,2020-01-27
Yukon Striker,10:00:00,18:00:00,2020-04-15
Antique Carousel,08:00:00:00:00,16:00:00,2020-09-04
The Fly,10:00:00,18:00:00,2021-03-06
